const_code,region_code,percent_leave,percent_remain
E14000582,E12000004,0.756498714,0.243501286
E14001011,E12000005,0.712016956,0.287983044
E14000642,E12000006,0.730439705,0.269560295
E14000933,E12000006,0.729955717,0.270044283
E14000771,E12000003,0.72831563,0.27168437
E14000622,E12000006,0.726993924,0.273006076
E14000973,E12000005,0.721235856,0.278764144
E14000669,E12000003,0.716506861,0.283493139
E14000717,E12000006,0.715049473,0.284950527
E14000716,E12000003,0.691596538,0.308403462
E14000671,E12000005,0.698443696,0.301556304
E14000974,E12000005,0.711074062,0.288925938
E14000939,E12000004,0.710714432,0.289285568
E14000542,E12000003,0.709849935,0.290150065
E14000810,E12000004,0.708629135,0.291370865
E14000535,E12000004,0.704728888,0.295271112
E14000672,E12000005,0.697019287,0.302980713
E14000577,E12000004,0.703942464,0.296057536
E14000657,E12000007,0.703479569,0.296520431
E14001028,E12000003,0.702792954,0.297207046
E14000995,E12000006,0.702553097,0.297446903
E14000733,E12000001,0.695683297,0.304316703
E14000643,E12000003,0.69503821,0.30496179
E14000751,E12000007,0.697768435,0.302231565
E14000842,E12000006,0.693543227,0.306456773
E14000900,E12000007,0.67437958,0.32562042
E14000836,E12000003,0.703466954,0.296533046
E14000798,E12000004,0.6889943,0.3110057
E14000618,E12000005,0.688603531,0.311396469
E14000914,E12000003,0.686755472,0.313244528
E14001030,E12000005,0.686708936,0.313291064
E14000667,E12000003,0.684864372,0.315135628
E14000904,E12000003,0.687519276,0.312480724
E14000546,E12000004,0.68322755,0.31677245
E14000541,E12000003,0.681881304,0.318118696
E14001029,E12000005,0.681750179,0.318249821
E14001050,E12000005,0.677187451,0.322812549
E14000740,E12000003,0.673504994,0.326495006
E14000773,E12000003,0.679906801,0.320093199
E14000573,E12000002,0.678141246,0.321858754
E14000531,E12000005,0.687227548,0.312772452
E14000854,E12000005,0.6776303,0.3223697
E14000729,E12000006,0.677323179,0.322676821
E14001049,E12000005,0.675027384,0.324972616
E14000891,E12000001,0.676748838,0.323251162
E14000888,E12000006,0.676526737,0.323473263
E14000544,E12000006,0.671358773,0.328641227
E14000572,E12000002,0.669103424,0.330896576
E14000903,E12000003,0.665069873,0.334930127
E14000668,E12000003,0.667048397,0.332951603
E14000952,E12000006,0.666739569,0.333260431
E14000609,E12000002,0.66612799,0.33387201
E14000722,E12000005,0.66589868,0.33410132
E14000879,E12000009,0.684779599,0.315220401
E14000970,E12000001,0.663249694,0.336750306
E14000920,E12000003,0.663178181,0.336821819
E14000596,E12000003,0.662269169,0.337730831
E14000989,E12000005,0.66191034,0.33808966
E14000819,E12000001,0.644781963,0.355218037
E14000986,E12000005,0.659923587,0.340076413
E14000677,E12000001,0.659633748,0.340366252
E14000758,E12000002,0.658191278,0.341808722
E14000859,E12000006,0.657782861,0.342217139
E14000606,E12000006,0.655347732,0.344652268
E14000715,E12000008,0.653772079,0.346227921
E14000927,E12000008,0.653644888,0.346355112
E14000533,E12000004,0.652991247,0.347008753
E14000820,E12000001,0.652655298,0.347344702
E14000558,E12000007,0.652551375,0.347448625
E14000945,E12000005,0.654869083,0.345130917
E14000852,E12000008,0.651825616,0.348174384
E14000805,E12000002,0.649100879,0.350899121
E14000972,E12000005,0.648466478,0.351533522
E14000610,E12000005,0.647931575,0.352068425
E14000576,E12000008,0.64792305,0.35207695
E14000966,E12000005,0.646904325,0.353095675
E14000868,E12000005,0.645059931,0.354940069
E14000961,E12000009,0.640636337,0.359363663
E14000659,E12000008,0.639834539,0.360165461
E14000626,E12000008,0.639053918,0.360946082
E14000866,E12000004,0.632790864,0.367209136
E14000883,E12000008,0.651649899,0.348350101
E14000898,E12000008,0.633762207,0.366237793
E14000976,E12000005,0.647422162,0.352577838
E14000683,E12000003,0.636621847,0.363378153
E14000924,E12000004,0.636577392,0.363422608
E14000711,E12000008,0.642481924,0.357518076
E14000588,E12000003,0.635601056,0.364398944
E14001022,E12000006,0.63414219,0.36585781
E14000785,E12000002,0.632878009,0.367121991
E14001034,E12000006,0.632487003,0.367512997
E14000695,E12000004,0.632237912,0.367762088
E14000875,E12000002,0.631542958,0.368457042
E14001058,E12000005,0.631454747,0.368545253
E14000579,E12000002,0.630276743,0.369723257
E14001025,E12000004,0.630196654,0.369803346
E14000670,E12000008,0.630096124,0.369903876
E14000561,E12000005,0.584800591,0.415199409
E14001039,E12000002,0.629588907,0.370411093
E14001009,E12000003,0.625570131,0.374429869
E14000878,E12000006,0.626801331,0.373198669
E14000736,E12000008,0.62617908,0.37382092
E14000999,E12000009,0.62453668,0.37546332
E14000754,E12000001,0.645045283,0.354954717
E14000869,E12000007,0.624304876,0.375695124
E14000747,E12000002,0.619602188,0.380397812
N06000012,N92000002,0.62224457,0.37775543
E14000595,E12000009,0.620639832,0.379360168
E14000944,E12000001,0.626565354,0.373434646
E14000843,E12000004,0.620516723,0.379483277
W07000072,W92000004,0.620280444,0.379719556
E14000707,E12000004,0.619558242,0.380441758
E14000762,E12000008,0.619463341,0.380536659
E14001020,E12000001,0.645268387,0.354731613
E14000713,E12000008,0.618151926,0.381848074
E14000537,E12000002,0.634056838,0.365943162
E14000565,E12000005,0.593187708,0.406812292
W07000048,W92000004,0.617925537,0.382074463
E14000765,E12000001,0.617773494,0.382226506
E14000948,E12000008,0.61691047,0.38308953
E14000834,E12000005,0.616449863,0.383550137
E14000704,E12000008,0.616404102,0.383595898
E14001012,E12000005,0.63400573,0.36599427
E14001016,E12000005,0.616275351,0.383724649
E14000929,E12000004,0.615831667,0.384168333
E14000590,E12000006,0.615156402,0.384843598
E14000778,E12000003,0.61444348,0.38555652
E14000663,E12000004,0.613534511,0.386465489
E14000913,E12000003,0.6131829,0.3868171
E14000871,E12000002,0.623077976,0.376922024
E14000594,E12000006,0.611892869,0.388107131
E14000693,E12000006,0.610112858,0.389887142
E14001053,E12000002,0.61010184,0.38989816
E14000714,E12000004,0.609959141,0.390040859
E14000892,E12000005,0.609899582,0.390100418
E14000769,E12000004,0.609883689,0.390116311
E14000661,E12000002,0.614019738,0.385980262
E14000806,E12000006,0.609560321,0.390439679
E14000899,E12000006,0.609203445,0.390796555
E14000569,E12000001,0.608859751,0.391140249
E14000583,E12000004,0.608293639,0.391706361
W07000053,W92000004,0.607752165,0.392247835
E14000858,E12000004,0.606984777,0.393015223
E14000876,E12000003,0.606512766,0.393487234
E14000620,E12000002,0.606437746,0.393562254
E14000816,E12000006,0.605981283,0.394018717
E14000575,E12000001,0.604948533,0.395051467
E14001045,E12000006,0.604684297,0.395315703
W07000052,W92000004,0.604499008,0.395500992
E14000743,E12000005,0.604175582,0.395824418
E14000935,E12000004,0.60351001,0.39648999
E14000840,E12000001,0.60304872,0.39695128
E14000959,E12000008,0.60299599,0.39700401
E14000955,E12000008,0.602947341,0.397052659
E14000653,E12000002,0.602891232,0.397108768
E14000861,E12000004,0.6027129,0.3972871
E14000837,E12000009,0.601925003,0.398074997
E14000827,E12000008,0.601781451,0.398218549
E14000648,E12000004,0.601468893,0.398531107
W07000049,W92000004,0.60124484,0.39875516
E14000568,E12000005,0.606179891,0.393820109
E14000540,E12000007,0.599748796,0.400251204
E14000921,E12000003,0.599736792,0.400263208
E14000638,E12000009,0.599639612,0.400360388
E14000982,E12000001,0.55393998,0.44606002
E14000870,E12000002,0.578752339,0.421247661
W07000062,W92000004,0.598838563,0.401161437
E14001060,E12000009,0.598655446,0.401344554
E14000536,E12000008,0.598619474,0.401380526
E14000849,E12000005,0.598481185,0.401518815
E14000826,E12000003,0.598172774,0.401827226
E14001054,E12000002,0.622390111,0.377609889
E14000772,E12000003,0.597896657,0.402103343
E14000548,E12000003,0.596283976,0.403716024
E14000853,E12000001,0.595207188,0.404792812
E14000936,E12000009,0.594456091,0.405543909
E14000915,E12000001,0.594357506,0.405642494
E14000818,E12000005,0.593865282,0.406134718
W07000055,W92000004,0.593309312,0.406690688
E14000992,E12000005,0.593223132,0.406776868
E14000632,E12000004,0.592932532,0.407067468
E14000967,E12000002,0.585204596,0.414795404
E14000647,E12000002,0.591965837,0.408034163
E14000800,E12000006,0.591531961,0.408468039
E14000734,E12000006,0.589955845,0.410044155
E14000862,E12000004,0.589952188,0.410047812
W07000077,W92000004,0.58939917,0.41060083
E14000902,E12000002,0.589357362,0.410642638
W07000074,W92000004,0.589024508,0.410975492
E14000723,E12000003,0.606989747,0.393010253
E14000712,E12000009,0.58812171,0.41187829
E14000812,E12000005,0.581206385,0.418793615
E14000556,E12000003,0.587394756,0.412605244
E14000894,E12000002,0.587308918,0.412691082
E14000700,E12000008,0.58670455,0.41329545
E14000905,E12000005,0.586175818,0.413824182
E14000660,E12000004,0.585894934,0.414105066
E14000652,E12000008,0.584136714,0.415863286
E14000616,E12000009,0.584128528,0.415871472
E14000848,E12000006,0.584002867,0.415997133
E14000962,E12000002,0.583928578,0.416071422
E14000650,E12000005,0.5837436,0.4162564
W07000071,W92000004,0.583543388,0.416456612
E14000688,E12000002,0.583419781,0.416580219
E14000737,E12000007,0.582450013,0.417549987
E14000825,E12000002,0.581856206,0.418143794
E14000940,E12000004,0.581420532,0.418579468
E14000578,E12000002,0.581127597,0.418872403
E14000658,E12000001,0.580996502,0.419003498
E14000949,E12000006,0.580834155,0.419165845
E14001017,E12000002,0.580743911,0.419256089
W07000043,W92000004,0.580533688,0.419466312
E14000847,E12000005,0.580189343,0.419810657
E14000530,E12000008,0.580974479,0.419025521
E14000705,E12000009,0.578888968,0.421111032
E14000799,E12000005,0.578840184,0.421159816
E14000625,E12000004,0.578746718,0.421253282
E14000996,E12000009,0.578205268,0.421794732
E14000649,E12000005,0.577745682,0.422254318
E14000971,E12000001,0.577643917,0.422356083
E14000585,E12000009,0.577317666,0.422682334
E14000557,E12000008,0.577212146,0.422787854
E14000725,E12000002,0.576668684,0.423331316
E14000917,E12000003,0.576526008,0.423473992
W07000044,W92000004,0.575742546,0.424257454
E14000684,E12000008,0.575444606,0.424555394
E14000872,E12000007,0.561972606,0.438027394
E14000975,E12000005,0.575352222,0.424647778
E14000791,E12000005,0.575089022,0.424910978
E14000965,E12000005,0.574625083,0.425374917
E14000897,E12000002,0.579105096,0.420894904
E14000792,E12000004,0.574326337,0.425673663
E14000881,E12000009,0.574193151,0.425806849
E14000851,E12000009,0.572856138,0.427143862
E14000543,E12000002,0.572787064,0.427212936
E14001038,E12000009,0.57201446,0.42798554
E14001000,E12000009,0.571897604,0.428102396
E14001007,E12000007,0.571873736,0.428126264
E14000923,E12000003,0.571613101,0.428386899
E14000666,E12000003,0.571465485,0.428534515
E14000774,E12000009,0.571216387,0.428783613
E14000815,E12000009,0.570831648,0.429168352
E14000838,E12000009,0.570384794,0.429615206
E14000968,E12000006,0.570369086,0.429630914
E14000855,E12000006,0.56934097,0.43065903
E14000954,E12000009,0.568813673,0.431186327
E14000833,E12000001,0.568289241,0.431710759
E14000689,E12000003,0.56793101,0.43206899
E14000637,E12000002,0.56745851,0.43254149
W07000070,W92000004,0.567322317,0.432677683
E14000706,E12000002,0.56728643,0.43271357
E14000863,E12000006,0.567266216,0.432733784
W07000045,W92000004,0.566745967,0.433254033
E14000943,E12000002,0.566389437,0.433610563
E14000839,E12000009,0.566086028,0.433913972
W07000060,W92000004,0.565590817,0.434409183
E14000761,E12000006,0.565157235,0.434842765
E14000993,E12000003,0.56432781,0.43567219
E14000710,E12000004,0.562974291,0.437025709
E14001014,E12000001,0.56289907,0.43710093
E14000621,E12000007,0.56261214,0.43738786
E14000709,E12000001,0.56223255,0.43776745
E14000574,E12000001,0.561246243,0.438753757
E14000963,E12000002,0.560537411,0.439462589
E14001055,E12000008,0.560165191,0.439834809
E14000835,E12000009,0.560133703,0.439866297
E14000735,E12000008,0.559372394,0.440627606
E14000701,E12000007,0.58305386,0.41694614
E14000804,E12000008,0.559171965,0.440828035
W07000063,W92000004,0.558429442,0.441570558
E14000829,E12000004,0.557006959,0.442993041
E14000885,E12000002,0.556726597,0.443273403
E14000580,E12000002,0.555540265,0.444459735
N06000016,N92000002,0.555283781,0.444716219
E14000699,E12000008,0.555201073,0.444798927
E14000739,E12000006,0.55486562,0.44513438
E14000605,E12000005,0.553651279,0.446348721
W07000065,W92000004,0.553168878,0.446831122
E14000554,E12000001,0.552978154,0.447021846
E14000828,E12000008,0.552576565,0.447423435
E14000724,E12000003,0.552317096,0.447682904
E14000981,E12000006,0.552125757,0.447874243
E14000877,E12000002,0.552024096,0.447975904
N06000005,N92000002,0.55190757,0.44809243
W07000066,W92000004,0.551631174,0.448368826
E14000587,E12000003,0.556252936,0.443747064
W07000076,W92000004,0.551359713,0.448640287
E14000938,E12000009,0.550987058,0.449012942
E14000950,E12000009,0.550762028,0.449237972
E14000957,E12000006,0.569724895,0.430275105
E14000856,E12000001,0.550462004,0.449537996
E14001033,E12000002,0.549508129,0.450491871
E14000624,E12000006,0.548911911,0.451088089
E14000581,E12000002,0.547996745,0.452003255
E14000964,E12000009,0.547660454,0.452339546
E14000857,E12000008,0.547548756,0.452451244
E14000895,E12000003,0.547104369,0.452895631
E14000696,E12000007,0.546308785,0.453691215
E14000801,E12000006,0.545971778,0.454028222
E14000612,E12000002,0.545117526,0.454882474
W07000042,W92000004,0.544088866,0.455911134
E14000880,E12000009,0.513897254,0.486102746
E14001051,E12000005,0.543949698,0.456050302
E14000685,E12000008,0.543458993,0.456541007
E14000662,E12000004,0.542503796,0.457496204
E14000681,E12000008,0.541993428,0.458006572
E14001057,E12000002,0.541988663,0.458011337
E14000603,E12000006,0.54100848,0.45899152
E14000782,E12000004,0.540619991,0.459380009
E14000930,E12000008,0.54056915,0.45943085
E14000918,E12000008,0.540405142,0.459594858
E14000946,E12000006,0.540262007,0.459737993
W07000069,W92000004,0.54015405,0.45984595
E14000613,E12000006,0.539924714,0.460075286
E14001001,E12000009,0.538913636,0.461086364
E14000909,E12000004,0.538778694,0.461221306
E14000570,E12000002,0.559428156,0.440571844
E14000584,E12000009,0.536906946,0.463093054
E14000682,E12000008,0.536814482,0.463185518
E14001052,E12000005,0.536772433,0.463227567
E14000611,E12000002,0.536670312,0.463329688
W07000056,W92000004,0.536570798,0.463429202
E14000990,E12000009,0.536487467,0.463512533
E14001026,E12000009,0.536303482,0.463696518
E14000545,E12000008,0.53598782,0.46401218
S14000007,S92000003,0.535944111,0.464055889
E14000911,E12000002,0.527973489,0.472026511
E14000665,E12000009,0.535341945,0.464658055
E14000757,E12000006,0.534889703,0.465110297
E14000841,E12000006,0.534376055,0.465623945
E14000931,E12000005,0.541942887,0.458057113
E14000942,E12000004,0.533380204,0.466619796
E14000766,E12000003,0.555612091,0.444387909
E14000759,E12000007,0.533092042,0.466907958
E14000781,E12000003,0.532661381,0.467338619
E14000586,E12000008,0.532448746,0.467551254
W07000067,W92000004,0.532082359,0.467917641
E14000928,E12000003,0.531871441,0.468128559
E14000614,E12000003,0.515096667,0.484903333
N06000009,N92000002,0.530920808,0.469079192
E14000822,E12000008,0.53081404,0.46918596
W07000059,W92000004,0.530131181,0.469868819
E14000988,E12000009,0.529247106,0.470752894
E14000926,E12000005,0.529205779,0.470794221
E14000813,E12000006,0.528804536,0.471195464
E14000997,E12000008,0.528574319,0.471425681
E14001027,E12000006,0.528225561,0.471774439
E14001023,E12000008,0.527748349,0.472251651
N06000017,N92000002,0.526171543,0.473828457
E14000646,E12000002,0.526126911,0.473873089
W07000078,W92000004,0.525506701,0.474493299
E14001035,E12000005,0.525193924,0.474806076
E14000607,E12000004,0.525137019,0.474862981
E14000814,E12000004,0.524707075,0.475292925
E14000728,E12000004,0.523664029,0.476335971
E14000775,E12000002,0.523421607,0.476578393
E14000925,E12000003,0.49711304,0.50288696
E14000738,E12000002,0.516880076,0.483119924
W07000058,W92000004,0.521971173,0.478028827
E14000994,E12000009,0.521900806,0.478099194
E14000794,E12000002,0.521680356,0.478319644
E14000686,E12000002,0.521666686,0.478333314
E14000776,E12000002,0.519890842,0.480109158
E14000552,E12000006,0.534053564,0.465946436
N06000001,N92000002,0.519433122,0.480566878
E14000811,E12000008,0.519275309,0.480724691
W07000068,W92000004,0.518550864,0.481449136
E14000983,E12000008,0.51851554,0.48148446
E14000756,E12000003,0.518508416,0.481491584
E14000690,E12000007,0.523675991,0.476324009
E14000538,E12000008,0.517879098,0.482120902
E14000884,E12000008,0.497393742,0.502606258
E14000559,E12000002,0.527042226,0.472957774
E14000985,E12000005,0.483522281,0.516477719
E14000947,E12000009,0.516530941,0.483469059
E14000846,E12000009,0.516345075,0.483654925
E14000635,E12000009,0.515858182,0.484141818
E14000644,E12000006,0.515144818,0.484855182
E14000890,E12000008,0.515101462,0.484898538
E14000563,E12000005,0.508121789,0.491878211
E14000845,E12000006,0.514300732,0.485699268
S14000009,S92000003,0.51339391,0.48660609
E14000984,E12000007,0.512838788,0.487161212
E14000910,E12000006,0.512395335,0.487604665
E14000664,E12000004,0.512354118,0.487645882
E14000566,E12000005,0.541512631,0.458487369
E14001021,E12000006,0.511519779,0.488480221
E14001018,E12000002,0.511100543,0.488899457
E14001031,E12000009,0.510392986,0.489607014
E14000977,E12000005,0.510016675,0.489983325
W07000041,W92000004,0.509420042,0.490579958
E14000623,E12000009,0.508869519,0.491130481
E14000941,E12000006,0.508843534,0.491156466
E14000745,E12000006,0.508365256,0.491634744
E14000784,E12000004,0.508359919,0.491640081
E14000633,E12000008,0.507327707,0.492672293
E14000628,E12000006,0.506832006,0.493167994
E14001024,E12000002,0.50552837,0.49447163
E14000748,E12000004,0.505480276,0.494519724
E14000678,E12000009,0.504076662,0.495923338
E14000651,E12000005,0.503794929,0.496205071
E14000539,E12000008,0.503477977,0.496522023
E14000932,E12000009,0.503281438,0.496718562
E14000654,E12000007,0.487376367,0.512623633
E14000860,E12000009,0.503021498,0.496978502
W07000073,W92000004,0.502766239,0.497233761
E14000797,E12000004,0.500904207,0.499095793
E14000645,E12000003,0.500553492,0.499446508
E14000571,E12000002,0.500392038,0.499607962
E14001010,E12000002,0.525012823,0.474987177
E14000912,E12000009,0.499081401,0.500918599
E14000634,E12000007,0.49880471,0.50119529
S14000046,S92000003,0.498731967,0.501268033
E14000907,E12000008,0.498469717,0.501530283
E14000604,E12000007,0.496989979,0.503010021
E14000796,E12000002,0.498207198,0.501792802
E14000534,E12000008,0.497011058,0.502988942
E14000821,E12000008,0.496650905,0.503349095
E14001059,E12000002,0.496480992,0.503519008
N06000002,N92000002,0.496447513,0.503552487
E14000906,E12000007,0.495438455,0.504561545
E14000753,E12000008,0.494864101,0.505135899
E14000956,E12000008,0.494121812,0.505878188
W07000046,W92000004,0.493087327,0.506912673
E14000680,E12000008,0.492743694,0.507256306
E14000744,E12000006,0.492372345,0.507627655
E14000691,E12000007,0.479370018,0.520629982
E14000550,E12000008,0.490062673,0.509937327
E14000979,E12000002,0.489054855,0.510945145
E14000608,E12000008,0.488708672,0.511291328
E14000702,E12000009,0.487730339,0.512269661
E14000886,E12000003,0.485843639,0.514156361
E14001056,E12000008,0.484619161,0.515380839
S14000004,S92000003,0.482443342,0.517556658
W07000054,W92000004,0.480645083,0.519354917
E14000831,E12000001,0.480030798,0.519969202
E14000893,E12000008,0.479769787,0.520230213
N06000006,N92000002,0.479742559,0.520257441
E14001032,E12000007,0.479650184,0.520349816
E14000708,E12000002,0.479628137,0.520371863
E14000991,E12000009,0.479241838,0.520758162
E14000830,E12000008,0.478055628,0.521944372
E14000694,E12000008,0.477807571,0.522192429
N06000013,N92000002,0.476401748,0.523598252
E14001006,E12000001,0.476370041,0.523629959
S14000036,S92000003,0.476138884,0.523861116
E14000850,E12000009,0.475836991,0.524163009
E14000731,E12000007,0.497066093,0.502933907
W07000061,W92000004,0.474282288,0.525717712
E14000824,E12000008,0.473113276,0.526886724
E14000560,E12000005,0.437517315,0.562482685
E14000802,E12000002,0.471837972,0.528162028
E14000730,E12000003,0.471793551,0.528206449
E14000786,E12000008,0.471421738,0.528578262
E14000601,E12000009,0.472841844,0.527158156
E14001037,E12000002,0.470561736,0.529438264
E14000567,E12000005,0.457496277,0.542503723
E14000599,E12000009,0.487260054,0.512739946
E14000969,E12000002,0.479496338,0.520503662
E14000589,E12000003,0.463724209,0.536275791
E14001042,E12000008,0.46659077,0.53340923
E14000551,E12000007,0.465816411,0.534183589
E14001043,E12000002,0.454699685,0.545300315
W07000075,W92000004,0.465109786,0.534890214
E14000867,E12000004,0.455881292,0.544118708
E14001015,E12000008,0.46459651,0.53540349
E14000817,E12000008,0.464405927,0.535594073
E14001046,E12000008,0.463446575,0.536553425
E14000958,E12000002,0.462928366,0.537071634
E14000679,E12000007,0.462692813,0.537307187
E14000675,E12000007,0.485534483,0.514465517
E14000767,E12000005,0.462056819,0.537943181
E14000951,E12000006,0.461954801,0.538045199
E14000844,E12000008,0.461789136,0.538210864
E14000901,E12000008,0.460755865,0.539244135
E14000777,E12000003,0.45960968,0.54039032
E14000980,E12000009,0.458621591,0.541378409
E14001003,E12000009,0.458503699,0.541496301
E14000656,E12000007,0.453123536,0.546876464
E14000987,E12000002,0.456315582,0.543684418
E14000687,E12000007,0.473991624,0.526008376
W07000064,W92000004,0.453701374,0.546298626
E14000746,E12000001,0.453367357,0.546632643
E14000619,E12000008,0.453274048,0.546725952
E14000937,E12000006,0.453048188,0.546951812
S14000013,S92000003,0.451108539,0.548891461
E14000732,E12000007,0.418683856,0.581316144
E14000803,E12000008,0.450257011,0.549742989
E14000631,E12000008,0.44984984,0.55015016
E14000698,E12000009,0.448278936,0.551721064
S14000027,S92000003,0.447627994,0.552372006
E14001044,E12000002,0.42568766,0.57431234
E14000823,E12000007,0.490303222,0.509696778
E14001062,E12000003,0.446677162,0.553322838
E14001004,E12000008,0.446463372,0.553536628
S14000014,S92000003,0.446451668,0.553548332
S14000037,S92000003,0.442859814,0.557140186
E14001047,E12000008,0.442519336,0.557480664
S14000006,S92000003,0.441115509,0.558884491
E14000916,E12000002,0.440885873,0.559114127
S14000030,S92000003,0.465420322,0.534579678
W07000079,W92000004,0.438226362,0.561773638
E14000597,E12000008,0.435923134,0.564076866
S14000055,S92000003,0.434930294,0.565069706
W07000047,W92000004,0.434007848,0.565992152
E14000641,E12000001,0.43336734,0.56663266
E14000760,E12000007,0.433097999,0.566902001
E14000593,E12000007,0.403512681,0.596487319
S14000041,S92000003,0.43261454,0.56738546
S14000044,S92000003,0.432609029,0.567390971
S14000008,S92000003,0.432586813,0.567413187
S14000001,S92000003,0.430922087,0.569077913
E14000742,E12000008,0.430858202,0.569141798
E14000630,E12000009,0.428989761,0.571010239
E14000591,E12000007,0.428875883,0.571124117
E14000865,E12000004,0.42616162,0.57383838
W07000080,W92000004,0.428171979,0.571828021
E14001048,E12000008,0.426940889,0.573059111
E14000627,E12000002,0.420735627,0.579264373
E14000592,E12000007,0.426117511,0.573882489
E14000783,E12000004,0.424353547,0.575646453
S14000048,S92000003,0.423965875,0.576034125
E14000640,E12000002,0.422757087,0.577242913
S14000028,S92000003,0.421058823,0.578941177
S14000043,S92000003,0.42018303,0.57981697
E14000676,E12000007,0.43223582,0.56776418
E14001019,E12000005,0.41640274,0.58359726
S14000010,S92000003,0.416221328,0.583778672
E14000600,E12000009,0.412667041,0.587332959
E14000741,E12000007,0.415741752,0.584258248
E14000697,E12000008,0.415663302,0.584336698
E14000908,E12000004,0.414661238,0.585338762
N06000007,N92000002,0.414427509,0.585572491
E14000719,E12000008,0.41202344,0.58797656
N06000014,N92000002,0.411835005,0.588164995
E14000655,E12000007,0.432701715,0.567298285
E14000636,E12000007,0.410745779,0.589254221
E14000832,E12000001,0.410712554,0.589287446
S14000035,S92000003,0.405977597,0.594022403
E14000770,E12000007,0.408444531,0.591555469
E14000953,E12000008,0.407497131,0.592502869
S14000016,S92000003,0.407456334,0.592543666
S14000032,S92000003,0.39662104,0.60337896
E14000864,E12000006,0.405303001,0.594696999
S14000051,S92000003,0.402813083,0.597186917
S14000039,S92000003,0.401324389,0.598675611
S14000054,S92000003,0.399016464,0.600983536
S14000003,S92000003,0.398381266,0.601618734
E14000749,E12000006,0.393087077,0.606912923
E14001041,E12000008,0.396373786,0.603626214
N06000010,N92000002,0.396100068,0.603899932
S14000050,S92000003,0.395023841,0.604976159
S14000040,S92000003,0.394546665,0.605453335
S14000005,S92000003,0.394323969,0.605676031
S14000017,S92000003,0.393928374,0.606071626
S14000058,S92000003,0.39168773,0.60831227
W07000051,W92000004,0.391478544,0.608521456
E14001061,E12000003,0.388206767,0.611793233
S14000011,S92000003,0.387765475,0.612234525
E14000532,E12000002,0.385878,0.614122
E14000934,E12000006,0.384889637,0.615110363
S14000015,S92000003,0.384116704,0.615883296
E14000889,E12000008,0.382533265,0.617466735
E14000808,E12000002,0.38212184,0.61787816
E14000874,E12000008,0.38029241,0.61970759
S14000059,S92000003,0.38005553,0.61994447
S14000045,S92000003,0.379409695,0.620590305
E14000692,E12000007,0.376070133,0.623929867
E14000960,E12000006,0.37832281,0.62167719
S14000047,S92000003,0.377103561,0.622896439
S14000056,S92000003,0.375699018,0.624300982
E14000779,E12000003,0.374228475,0.625771525
N06000011,N92000002,0.370571179,0.629428821
S14000012,S92000003,0.369891249,0.630108751
S14000019,S92000003,0.369324131,0.630675869
E14000807,E12000002,0.363565763,0.636434237
S14000049,S92000003,0.363147835,0.636852165
S14000038,S92000003,0.362034214,0.637965786
S14000042,S92000003,0.359562057,0.640437943
W07000057,W92000004,0.35845443,0.64154557
E14000718,E12000007,0.347292084,0.652707916
E14000564,E12000005,0.398378166,0.601621834
S14000052,S92000003,0.355479443,0.644520557
E14000780,E12000003,0.354060965,0.645939035
S14000020,S92000003,0.353955957,0.646044043
E14000787,E12000007,0.353705046,0.646294954
E14000795,E12000002,0.352616254,0.647383746
S14000053,S92000003,0.347952793,0.652047207
E14000790,E12000007,0.34755182,0.65244818
E14000788,E12000007,0.345920578,0.654079422
E14000882,E12000007,0.34207637,0.65792363
E14000922,E12000003,0.340060651,0.659939349
E14001036,E12000007,0.336548028,0.663451972
E14000562,E12000005,0.421766233,0.578233767
E14001013,E12000007,0.360276604,0.639723396
E14001005,E12000007,0.333158577,0.666841423
N06000018,N92000002,0.331526761,0.668473239
E14000755,E12000008,0.329468448,0.670531552
N06000015,N92000002,0.327561267,0.672438733
E14000873,E12000008,0.325263375,0.674736625
S14000057,S92000003,0.322849138,0.677150862
S14000002,S92000003,0.321431052,0.678568948
W07000050,W92000004,0.320145785,0.679854215
E14000919,E12000003,0.319119726,0.680880274
E14000547,E12000009,0.317245489,0.682754511
S14000033,S92000003,0.299749139,0.700250861
E14000615,E12000007,0.314817703,0.685182297
E14000726,E12000007,0.313136338,0.686863662
E14000768,E12000007,0.312045861,0.687954139
E14000703,E12000007,0.311007869,0.688992131
E14000555,E12000007,0.308583952,0.691416048
N06000003,N92000002,0.305144088,0.694855912
E14001040,E12000007,0.273497173,0.726502827
E14000674,E12000007,0.290959798,0.709040202
E14000629,E12000007,0.290990556,0.709009444
S14000026,S92000003,0.313807276,0.686192724
S14000029,S92000003,0.264222213,0.735777787
E14000896,E12000007,0.286856313,0.713143687
E14000764,E12000007,0.261857807,0.738142193
S14000034,S92000003,0.268315183,0.731684817
E14000639,E12000007,0.280536728,0.719463272
S14000025,S92000003,0.263636051,0.736363949
E14000887,E12000007,0.277642331,0.722357669
S14000022,S92000003,0.302880115,0.697119885
E14000793,E12000002,0.27300662,0.72699338
S14000018,S92000003,0.268681963,0.731318037
E14000750,E12000007,0.275974688,0.724025312
E14000617,E12000006,0.262648857,0.737351143
E14000553,E12000007,0.260503273,0.739496727
N06000004,N92000002,0.259433811,0.740566189
E14000598,E12000008,0.259335501,0.740664499
S14000021,S92000003,0.256814189,0.743185811
E14000998,E12000007,0.255875841,0.744124159
E14000752,E12000007,0.182479929,0.817520071
E14000809,E12000002,0.249385986,0.750614014
E14000789,E12000007,0.244262123,0.755737877
E14001002,E12000007,0.333466279,0.666533721
E14000727,E12000007,0.237253193,0.762746807
E14000673,E12000007,0.229374207,0.770625793
E14000721,E12000007,0.227822618,0.772177382
E14001008,E12000007,0.184710495,0.815289505
S14000024,S92000003,0.247899025,0.752100975
E14000549,E12000007,0.220467405,0.779532595
S14000023,S92000003,0.170357082,0.829642918
N06000008,N92000002,0.217359467,0.782640533
S14000031,S92000003,0.259279047,0.740720953
E14000763,E12000007,0.234482452,0.765517548
E14000602,E12000009,0.191182504,0.808817496
E14000978,E12000007,0.221621935,0.778378065
E14000720,E12000007,0.204807893,0.795192107
