const_code,party_code,party_percent
W07000049,LAB,0.538
W07000049,CON,0.206
W07000049,BRX,0.098
W07000049,PC,0.086
W07000049,LD,0.034
W07000049,IND,0.023
W07000058,CON,0.461
W07000058,LAB,0.397
W07000058,PC,0.085
W07000058,LD,0.057
S14000001,SNP,0.54
S14000001,CON,0.201
S14000001,LAB,0.132
S14000001,LD,0.076
S14000001,BRX,0.027
S14000001,GRN,0.024
S14000002,SNP,0.447
S14000002,CON,0.359
S14000002,LD,0.11
S14000002,LAB,0.084
S14000058,CON,0.427
S14000058,SNP,0.411
S14000058,LD,0.117
S14000058,LAB,0.046
S14000003,SNP,0.451
S14000003,LAB,0.32
S14000003,CON,0.176
S14000003,LD,0.036
S14000003,GRN,0.017
E14000530,CON,0.584
E14000530,LAB,0.235
E14000530,LD,0.144
E14000530,GRN,0.037
E14000531,CON,0.708
E14000531,LAB,0.204
E14000531,LD,0.06
E14000531,GRN,0.02
E14000531,MRLP,0.009
E14000532,CON,0.48
E14000532,LAB,0.368
E14000532,LD,0.11
E14000532,GRN,0.029
E14000532,LIB,0.008
E14000532,IND,0.004
W07000043,LAB,0.425
W07000043,CON,0.42
W07000043,BRX,0.062
W07000043,LD,0.059
W07000043,PC,0.034
E14000533,CON,0.639
E14000533,LAB,0.268
E14000533,LD,0.063
E14000533,GRN,0.03
S14000004,SNP,0.491
S14000004,CON,0.404
S14000004,LD,0.057
S14000004,LAB,0.048
W07000057,PC,0.452
W07000057,LAB,0.356
W07000057,CON,0.152
W07000057,BRX,0.04
S14000005,SNP,0.438
S14000005,CON,0.352
S14000005,LD,0.142
S14000005,LAB,0.068
E14000534,CON,0.579
E14000534,LD,0.212
E14000534,LAB,0.158
E14000534,GRN,0.041
E14000534,IND,0.009
E14000535,CON,0.393
E14000535,ASH,0.276
E14000535,LAB,0.244
E14000535,BRX,0.051
E14000535,LD,0.023
E14000535,GRN,0.014
E14000536,CON,0.621
E14000536,LAB,0.22
E14000536,LD,0.101
E14000536,GRN,0.044
E14000536,IND,0.014
E14000537,LAB,0.481
E14000537,CON,0.37
E14000537,BRX,0.082
E14000537,LD,0.036
E14000537,GRN,0.031
E14000538,CON,0.54
E14000538,LAB,0.254
E14000538,LD,0.166
E14000538,GRN,0.04
S14000006,SNP,0.435
S14000006,CON,0.385
S14000006,LAB,0.133
S14000006,LD,0.046
S14000010,SNP,0.462
S14000010,CON,0.348
S14000010,LAB,0.141
S14000010,LD,0.049
S14000048,SNP,0.485
S14000048,CON,0.308
S14000048,LAB,0.139
S14000048,LD,0.044
S14000048,GRN,0.023
E14000539,CON,0.543
E14000539,LAB,0.276
E14000539,LD,0.14
E14000539,GRN,0.041
S14000007,CON,0.501
S14000007,SNP,0.404
S14000007,LD,0.054
S14000007,LAB,0.041
E14000540,LAB,0.612
E14000540,CON,0.265
E14000540,BRX,0.072
E14000540,LD,0.033
E14000540,GRN,0.018
E14000541,LAB,0.401
E14000541,BRX,0.304
E14000541,CON,0.214
E14000541,LD,0.032
E14000541,GRN,0.024
E14000541,YRKS,0.019
E14000542,LAB,0.376
E14000542,BRX,0.292
E14000542,CON,0.273
E14000542,LD,0.035
E14000542,GRN,0.024
E14000543,CON,0.519
E14000543,LAB,0.393
E14000543,LD,0.044
E14000543,BRX,0.029
E14000543,GRN,0.015
E14000544,CON,0.671
E14000544,LAB,0.208
E14000544,LD,0.085
E14000544,GRN,0.032
E14000544,SDP,0.005
E14000933,CON,0.662
E14000933,LAB,0.222
E14000933,IND,0.073
E14000933,LD,0.043
E14000545,CON,0.541
E14000545,LAB,0.281
E14000545,LD,0.125
E14000545,GRN,0.039
E14000545,IND,0.014
E14000546,CON,0.552
E14000546,LAB,0.277
E14000546,BRX,0.106
E14000546,LD,0.066
E14000547,LD,0.545
E14000547,CON,0.309
E14000547,LAB,0.127
E14000547,BRX,0.012
E14000547,IND,0.007
E14000548,LAB,0.427
E14000548,CON,0.36
E14000548,HWDI,0.122
E14000548,LD,0.047
E14000548,BRX,0.032
E14000548,GRN,0.013
E14000549,LAB,0.455
E14000549,CON,0.361
E14000549,LD,0.153
E14000549,GRN,0.025
E14000549,BRX,0.006
E14000550,CON,0.561
E14000550,IND,0.29
E14000550,LAB,0.099
E14000550,GRN,0.035
E14000550,IND,0.014
E14000551,CON,0.54
E14000551,LAB,0.258
E14000551,LD,0.162
E14000551,GRN,0.041
E14000552,LAB,0.433
E14000552,CON,0.43
E14000552,LD,0.097
E14000552,GRN,0.02
E14000552,BRX,0.019
E14000813,CON,0.598
E14000813,LAB,0.217
E14000813,LD,0.126
E14000813,GRN,0.038
E14000813,IND,0.013
E14000813,MRLP,0.008
E14000841,CON,0.591
E14000841,LAB,0.218
E14000841,LD,0.123
E14000841,IND,0.039
E14000841,GRN,0.029
E14000949,CON,0.604
E14000949,LAB,0.256
E14000949,LD,0.102
E14000949,GRN,0.038
N06000001,DUP,0.492
N06000001,APNI,0.449
N06000001,UUP,0.059
N06000002,SF,0.471
N06000002,DUP,0.431
N06000002,APNI,0.098
N06000003,SDLP,0.572
N06000003,DUP,0.247
N06000003,APNI,0.143
N06000003,UUP,0.027
N06000003,AONT,0.012
N06000004,SF,0.538
N06000004,PBP,0.16
N06000004,DUP,0.135
N06000004,SDLP,0.077
N06000004,APNI,0.049
N06000004,AONT,0.042
E14000553,LAB,0.541
E14000553,LD,0.266
E14000553,CON,0.165
E14000553,BRX,0.028
E14000554,CON,0.569
E14000554,LAB,0.216
E14000554,LD,0.182
E14000554,GRN,0.033
S14000008,CON,0.484
S14000008,SNP,0.388
S14000008,LD,0.081
S14000008,LAB,0.047
E14000555,LAB,0.727
E14000555,CON,0.108
E14000555,LD,0.097
E14000555,GRN,0.042
E14000555,BRX,0.018
E14000555,ANWP,0.007
E14000556,CON,0.621
E14000556,LAB,0.239
E14000556,LD,0.087
E14000556,YRKS,0.027
E14000556,GRN,0.026
E14000557,CON,0.636
E14000557,LAB,0.195
E14000557,LD,0.123
E14000557,GRN,0.046
E14000558,CON,0.598
E14000558,LAB,0.295
E14000558,LD,0.065
E14000558,GRN,0.03
E14000558,ED,0.012
E14000559,LAB,0.59
E14000559,BSJP,0.172
E14000559,CON,0.131
E14000559,LD,0.038
E14000559,BRX,0.035
E14000559,GRN,0.033
E14000560,LAB,0.501
E14000560,CON,0.369
E14000560,LD,0.079
E14000560,GRN,0.026
E14000560,BRX,0.025
E14000561,LAB,0.503
E14000561,CON,0.401
E14000561,BRX,0.041
E14000561,LD,0.037
E14000561,GRN,0.018
E14000562,LAB,0.678
E14000562,CON,0.139
E14000562,IND,0.081
E14000562,LD,0.069
E14000562,BRX,0.017
E14000562,GRN,0.015
E14000563,LAB,0.787
E14000563,CON,0.15
E14000563,BRX,0.034
E14000563,LD,0.017
E14000563,GRN,0.007
E14000563,CPA,0.006
E14000564,LAB,0.792
E14000564,CON,0.113
E14000564,LD,0.053
E14000564,GRN,0.022
E14000564,BRX,0.02
E14000565,CON,0.463
E14000565,LAB,0.425
E14000565,LD,0.046
E14000565,BRX,0.038
E14000565,GRN,0.022
E14000565,UKIP,0.006
E14000566,LAB,0.631
E14000566,CON,0.268
E14000566,LD,0.045
E14000566,BRX,0.033
E14000566,GRN,0.02
E14000566,YESH,0.004
E14000567,LAB,0.56
E14000567,CON,0.309
E14000567,LD,0.064
E14000567,GRN,0.037
E14000567,BRX,0.029
E14000568,LAB,0.548
E14000568,CON,0.298
E14000568,LD,0.088
E14000568,BRX,0.053
E14000568,GRN,0.014
E14000569,CON,0.537
E14000569,LAB,0.359
E14000569,BRX,0.056
E14000569,LD,0.048
E14000570,LAB,0.649
E14000570,CON,0.24
E14000570,BRX,0.062
E14000570,LD,0.025
E14000570,GRN,0.017
E14000570,IND,0.007
E14000571,LAB,0.619
E14000571,CON,0.246
E14000571,BRX,0.071
E14000571,LD,0.041
E14000571,GRN,0.024
E14000572,CON,0.576
E14000572,LAB,0.355
E14000572,LD,0.039
E14000572,GRN,0.019
E14000572,IND,0.011
E14000573,CON,0.496
E14000573,LAB,0.383
E14000573,BRX,0.061
E14000573,LD,0.031
E14000573,GRN,0.017
E14000573,IND,0.011
W07000072,LAB,0.492
W07000072,BRX,0.206
W07000072,CON,0.19
W07000072,PC,0.057
W07000072,LD,0.043
W07000072,GRN,0.013
E14000574,LAB,0.433
E14000574,CON,0.312
E14000574,BRX,0.128
E14000574,LD,0.081
E14000574,GRN,0.028
E14000574,LIB,0.013
E14000575,CON,0.427
E14000575,LAB,0.409
E14000575,BRX,0.083
E14000575,LD,0.053
E14000575,GRN,0.028
E14000576,CON,0.635
E14000576,LAB,0.196
E14000576,LD,0.11
E14000576,GRN,0.036
E14000576,UKIP,0.017
E14000576,IND,0.007
E14000577,CON,0.474
E14000577,LAB,0.359
E14000577,BRX,0.09
E14000577,LD,0.038
E14000577,GRN,0.017
E14000577,IND,0.011
E14000578,CON,0.454
E14000578,LAB,0.445
E14000578,BRX,0.043
E14000578,LD,0.042
E14000578,GRN,0.016
E14000579,LAB,0.53
E14000579,CON,0.343
E14000579,BRX,0.073
E14000579,LD,0.035
E14000579,GRN,0.019
E14000580,CON,0.553
E14000580,LAB,0.373
E14000580,LD,0.055
E14000580,GRN,0.019
E14000581,LAB,0.794
E14000581,CON,0.092
E14000581,BRX,0.053
E14000581,LD,0.037
E14000581,GRN,0.024
E14000582,CON,0.767
E14000582,LAB,0.152
E14000582,LD,0.047
E14000582,IND,0.034
E14000583,CON,0.639
E14000583,LAB,0.173
E14000583,LD,0.161
E14000583,GRN,0.027
E14000584,CON,0.506
E14000584,LAB,0.327
E14000584,LD,0.11
E14000584,GRN,0.042
E14000584,IND,0.009
E14000584,IND,0.006
E14000585,CON,0.534
E14000585,LAB,0.313
E14000585,LD,0.107
E14000585,GRN,0.046
E14000586,CON,0.587
E14000586,LAB,0.222
E14000586,LD,0.143
E14000586,GRN,0.038
E14000586,IND,0.01
E14000587,LAB,0.63
E14000587,CON,0.219
E14000587,LD,0.075
E14000587,BRX,0.061
E14000587,GRN,0.015
E14000588,LAB,0.463
E14000588,CON,0.404
E14000588,BRX,0.071
E14000588,LD,0.038
E14000588,GRN,0.025
E14000589,LAB,0.762
E14000589,CON,0.152
E14000589,BRX,0.035
E14000589,LD,0.03
E14000589,GRN,0.018
E14000589,IND,0.002
E14000590,CON,0.675
E14000590,LAB,0.187
E14000590,LD,0.095
E14000590,IND,0.029
E14000590,IND,0.008
E14000590,IND,0.005
W07000068,CON,0.531
W07000068,LD,0.359
W07000068,LAB,0.095
W07000068,MRLP,0.008
W07000068,CHP,0.006
E14000591,LAB,0.647
E14000591,CON,0.222
E14000591,LD,0.099
E14000591,GRN,0.033
E14000592,LAB,0.519
E14000592,CON,0.363
E14000592,LD,0.078
E14000592,BRX,0.018
E14000592,GRN,0.016
E14000592,IND,0.003
E14000593,LAB,0.502
E14000593,CON,0.322
E14000593,LD,0.125
E14000593,GRN,0.031
E14000593,BRX,0.02
E14000594,CON,0.686
E14000594,LAB,0.137
E14000594,LD,0.136
E14000594,GRN,0.032
E14000594,ED,0.01
W07000073,CON,0.431
W07000073,LAB,0.403
W07000073,LD,0.056
W07000073,PC,0.048
W07000073,BRX,0.043
W07000073,GRN,0.019
E14000595,CON,0.621
E14000595,LAB,0.198
E14000595,LD,0.135
E14000595,GRN,0.033
E14000595,LIB,0.013
E14000596,CON,0.713
E14000596,LAB,0.207
E14000596,LD,0.05
E14000596,GRN,0.03
E14000597,LAB,0.516
E14000597,CON,0.35
E14000597,LD,0.061
E14000597,GRN,0.046
E14000597,BRX,0.027
E14000598,GRN,0.572
E14000598,LAB,0.228
E14000598,CON,0.175
E14000598,BRX,0.013
E14000598,MRLP,0.005
E14000598,IND,0.004
E14000599,LAB,0.531
E14000599,CON,0.324
E14000599,LD,0.068
E14000599,GRN,0.04
E14000599,BRX,0.036
E14000600,LAB,0.489
E14000600,CON,0.387
E14000600,LD,0.088
E14000600,GRN,0.035
E14000601,LAB,0.505
E14000601,CON,0.327
E14000601,LD,0.077
E14000601,GRN,0.049
E14000601,BRX,0.042
E14000602,LAB,0.623
E14000602,GRN,0.249
E14000602,CON,0.117
E14000602,BRX,0.012
E14000603,CON,0.596
E14000603,LAB,0.212
E14000603,LD,0.161
E14000603,GRN,0.025
E14000603,UGP,0.006
E14000604,CON,0.526
E14000604,LAB,0.287
E14000604,LD,0.145
E14000604,GRN,0.034
E14000604,CPA,0.006
E14000604,REN,0.003
E14000605,CON,0.634
E14000605,LAB,0.208
E14000605,LD,0.125
E14000605,GRN,0.033
E14000606,CON,0.656
E14000606,LAB,0.232
E14000606,LD,0.085
E14000606,GRN,0.027
E14000607,CON,0.481
E14000607,LAB,0.385
E14000607,TIG,0.084
E14000607,GRN,0.033
E14000607,ED,0.008
E14000607,IND,0.006
E14000608,CON,0.584
E14000608,LD,0.262
E14000608,LAB,0.12
E14000608,BRX,0.02
E14000608,IND,0.011
E14000608,ED,0.003
E14000609,CON,0.403
E14000609,LAB,0.369
E14000609,LD,0.09
E14000609,BRX,0.086
E14000609,BPI,0.03
E14000609,GRN,0.019
E14000610,CON,0.607
E14000610,LAB,0.309
E14000610,LD,0.055
E14000610,GRN,0.029
E14000611,CON,0.462
E14000611,LAB,0.46
E14000611,LD,0.034
E14000611,BRX,0.026
E14000611,GRN,0.017
E14000612,CON,0.438
E14000612,LAB,0.43
E14000612,LD,0.046
E14000612,BRX,0.033
E14000612,IND,0.027
E14000612,GRN,0.017
E14000613,CON,0.61
E14000613,LAB,0.206
E14000613,GRN,0.157
E14000613,IND,0.027
W07000076,LAB,0.449
W07000076,CON,0.279
W07000076,PC,0.16
W07000076,BRX,0.112
S14000009,LD,0.372
S14000009,SNP,0.366
S14000009,CON,0.165
S14000009,LAB,0.062
S14000009,BRX,0.036
E14000614,CON,0.519
E14000614,LAB,0.419
E14000614,LD,0.05
E14000614,LIB,0.012
E14000615,LAB,0.713
E14000615,CON,0.115
E14000615,LD,0.09
E14000615,GRN,0.062
E14000615,BRX,0.018
E14000615,WRP,0.002
E14000616,CON,0.531
E14000616,LAB,0.359
E14000616,LD,0.07
E14000616,GRN,0.027
E14000616,LIB,0.013
E14000617,LAB,0.48
E14000617,LD,0.3
E14000617,CON,0.155
E14000617,GRN,0.04
E14000617,BRX,0.019
E14000617,IND,0.002
E14000842,CON,0.725
E14000842,LAB,0.159
E14000842,LD,0.081
E14000842,GRN,0.034
E14000855,CON,0.625
E14000855,LAB,0.222
E14000855,LD,0.107
E14000855,GRN,0.047
E14000934,CON,0.463
E14000934,LD,0.42
E14000934,LAB,0.117
E14000937,CON,0.5
E14000937,LD,0.321
E14000937,LAB,0.163
E14000937,IND,0.016
E14000618,CON,0.683
E14000618,LAB,0.254
E14000618,GRN,0.063
E14000619,LAB,0.483
E14000619,CON,0.452
E14000619,LD,0.057
E14000619,IND,0.008
W07000050,LAB,0.612
W07000050,CON,0.201
W07000050,LD,0.151
W07000050,BRX,0.024
W07000050,GWLD,0.007
W07000050,IND,0.003
W07000051,LAB,0.495
W07000051,CON,0.362
W07000051,LD,0.068
W07000051,PC,0.03
W07000051,BRX,0.025
W07000051,GRN,0.016
W07000080,LAB,0.541
W07000080,CON,0.29
W07000080,LD,0.059
W07000080,PC,0.047
W07000080,BRX,0.04
W07000080,GRN,0.023
W07000079,LAB,0.518
W07000079,CON,0.28
W07000079,PC,0.084
W07000079,LD,0.059
W07000079,BRX,0.035
W07000079,GRN,0.025
E14000620,CON,0.552
E14000620,LAB,0.358
E14000620,LD,0.066
E14000620,UKIP,0.024
W07000067,PC,0.389
W07000067,CON,0.345
W07000067,LAB,0.21
W07000067,BRX,0.056
W07000066,CON,0.527
W07000066,LAB,0.343
W07000066,PC,0.086
W07000066,LD,0.044
E14000621,CON,0.424
E14000621,LD,0.411
E14000621,LAB,0.124
E14000621,BRX,0.021
E14000621,GRN,0.015
E14000621,CPA,0.004
E14000622,CON,0.767
E14000622,LAB,0.166
E14000622,LD,0.067
W07000064,PC,0.379
W07000064,CON,0.221
W07000064,LD,0.174
W07000064,LAB,0.158
W07000064,BRX,0.051
W07000064,GRN,0.017
E14000625,CON,0.634
E14000625,LAB,0.23
E14000625,LD,0.088
E14000625,GRN,0.048
E14000626,CON,0.666
E14000626,LAB,0.238
E14000626,LD,0.066
E14000626,GRN,0.025
E14000626,CPA,0.005
E14000627,CON,0.46
E14000627,LD,0.418
E14000627,LAB,0.123
E14000628,CON,0.559
E14000628,LD,0.251
E14000628,LAB,0.18
E14000628,MRLP,0.01
E14000629,CON,0.499
E14000629,LD,0.259
E14000629,LAB,0.232
E14000629,ANWP,0.011
E14000630,CON,0.48
E14000630,LD,0.463
E14000630,LAB,0.049
E14000630,MRLP,0.007
E14000631,CON,0.554
E14000631,LD,0.263
E14000631,LAB,0.129
E14000631,GRN,0.055
E14000640,LAB,0.496
E14000640,CON,0.383
E14000640,LD,0.068
E14000640,GRN,0.026
E14000640,BRX,0.025
E14000632,LAB,0.402
E14000632,CON,0.37
E14000632,BRX,0.106
E14000632,LD,0.088
E14000632,GRN,0.025
E14000632,IND,0.009
E14000633,CON,0.578
E14000633,LD,0.227
E14000633,LAB,0.148
E14000633,GRN,0.041
E14000633,LBT,0.004
E14000633,PATR,0.002
E14000634,CON,0.485
E14000634,LAB,0.459
E14000634,LD,0.057
E14000635,CON,0.543
E14000635,LD,0.345
E14000635,LAB,0.112
E14000636,CON,0.447
E14000636,LAB,0.426
E14000636,LD,0.103
E14000636,GRN,0.022
E14000636,ADV,0.001
E14000637,SPE,0.673
E14000637,IND,0.237
E14000637,GRN,0.09
E14000638,CON,0.652
E14000638,LD,0.179
E14000638,LAB,0.126
E14000638,GRN,0.043
E14000639,CON,0.399
E14000639,LD,0.307
E14000639,LAB,0.272
E14000639,GRN,0.017
E14000639,CPA,0.003
E14000639,LIB,0.002
E14000642,CON,0.723
E14000642,LAB,0.155
E14000642,LD,0.058
E14000642,GRN,0.028
E14000642,IND,0.025
E14000642,IND,0.006
E14000643,CON,0.69
E14000643,LAB,0.228
E14000643,LD,0.055
E14000643,GRN,0.028
W07000062,CON,0.447
W07000062,LAB,0.413
W07000062,PC,0.059
W07000062,LD,0.041
W07000062,BRX,0.04
W07000059,CON,0.507
W07000059,LAB,0.34
W07000059,PC,0.097
W07000059,LD,0.056
S14000011,SNP,0.47
S14000011,LAB,0.354
S14000011,CON,0.127
S14000011,LD,0.032
S14000011,GRN,0.017
E14000644,CON,0.504
E14000644,LAB,0.328
E14000644,LD,0.139
E14000644,GRN,0.029
E14000645,CON,0.484
E14000645,LAB,0.4
E14000645,LD,0.063
E14000645,BRX,0.021
E14000645,GRN,0.018
E14000645,YRKS,0.009
E14000646,CON,0.59
E14000646,LAB,0.265
E14000646,LD,0.105
E14000646,GRN,0.028
E14000646,ANWP,0.011
E14000647,CON,0.537
E14000647,LAB,0.4
E14000647,LD,0.044
E14000647,GRN,0.018
E14000648,CON,0.552
E14000648,LAB,0.383
E14000648,LD,0.065
E14000837,CON,0.594
E14000837,LD,0.308
E14000837,LAB,0.087
E14000837,LIB,0.011
E14000938,CON,0.593
E14000938,LAB,0.202
E14000938,LD,0.161
E14000938,GRN,0.028
E14000938,LIB,0.016
E14000991,CON,0.58
E14000991,LD,0.25
E14000991,LAB,0.116
E14000991,GRN,0.054
E14000649,LAB,0.527
E14000649,CON,0.354
E14000649,BRX,0.047
E14000649,LD,0.046
E14000649,GRN,0.026
E14000650,LAB,0.438
E14000650,CON,0.434
E14000650,LD,0.057
E14000650,BRX,0.041
E14000650,GRN,0.03
E14000651,LAB,0.434
E14000651,CON,0.425
E14000651,LD,0.075
E14000651,BRX,0.032
E14000651,GRN,0.024
E14000651,IND,0.01
E14000652,CON,0.542
E14000652,LAB,0.374
E14000652,LD,0.055
E14000652,GRN,0.029
E14000653,CON,0.531
E14000653,LAB,0.374
E14000653,LD,0.048
E14000653,BRX,0.026
E14000653,GRN,0.018
E14000653,LBT,0.003
E14000654,LAB,0.502
E14000654,CON,0.392
E14000654,LD,0.065
E14000654,GRN,0.022
E14000654,BRX,0.018
E14000655,LAB,0.656
E14000655,CON,0.213
E14000655,LD,0.08
E14000655,GRN,0.029
E14000655,BRX,0.015
E14000655,CPA,0.006
E14000656,CON,0.522
E14000656,LAB,0.314
E14000656,LD,0.126
E14000656,GRN,0.03
E14000656,UKIP,0.007
S14000012,SNP,0.529
S14000012,LAB,0.245
S14000012,CON,0.162
S14000012,LD,0.065
W07000070,LAB,0.514
W07000070,CON,0.222
W07000070,BRX,0.101
W07000070,PC,0.085
W07000070,CVP,0.044
W07000070,LD,0.031
E14000657,LAB,0.445
E14000657,CON,0.438
E14000657,BRX,0.066
E14000657,LD,0.027
E14000657,GRN,0.014
E14000657,IND,0.005
E14000658,CON,0.481
E14000658,LAB,0.405
E14000658,LD,0.048
E14000658,BRX,0.035
E14000658,GRN,0.024
E14000658,IND,0.007
E14000659,CON,0.629
E14000659,LAB,0.275
E14000659,LD,0.069
E14000659,GRN,0.027
E14000660,CON,0.646
E14000660,LAB,0.191
E14000660,LD,0.123
E14000660,GRN,0.041
W07000042,CON,0.437
W07000042,LAB,0.414
W07000042,LD,0.061
W07000042,BRX,0.051
W07000042,PC,0.037
E14000661,LAB,0.501
E14000661,CON,0.341
E14000661,BRX,0.079
E14000661,LD,0.043
E14000661,GRN,0.029
E14000661,MRLP,0.008
E14000662,CON,0.452
E14000662,LAB,0.398
E14000662,LD,0.073
E14000662,BRX,0.041
E14000662,GRN,0.022
E14000662,IND,0.014
E14000663,LAB,0.511
E14000663,CON,0.369
E14000663,LD,0.062
E14000663,BRX,0.058
E14000664,CON,0.587
E14000664,LAB,0.239
E14000664,LD,0.132
E14000664,GRN,0.041
E14000814,CON,0.588
E14000814,LAB,0.276
E14000814,LD,0.096
E14000814,GRN,0.039
E14000843,CON,0.587
E14000843,LAB,0.326
E14000843,LD,0.061
E14000843,GRN,0.026
E14000935,CON,0.628
E14000935,LAB,0.265
E14000935,LD,0.074
E14000935,GRN,0.033
E14000665,CON,0.631
E14000665,LD,0.16
E14000665,LAB,0.154
E14000665,GRN,0.055
E14000623,CON,0.553
E14000623,LAB,0.248
E14000623,LD,0.151
E14000623,GRN,0.049
E14000678,CON,0.508
E14000678,IND,0.404
E14000678,LAB,0.045
E14000678,LD,0.028
E14000678,GRN,0.011
E14000678,IND,0.004
E14000838,CON,0.566
E14000838,LD,0.3
E14000838,LAB,0.092
E14000838,GRN,0.032
E14000838,IND,0.01
E14000950,CON,0.624
E14000950,LAB,0.222
E14000950,LD,0.116
E14000950,GRN,0.038
E14001000,CON,0.601
E14001000,LD,0.183
E14001000,LAB,0.172
E14001000,GRN,0.035
E14001000,IND,0.009
E14000666,CON,0.464
E14000666,LAB,0.437
E14000666,LD,0.043
E14000666,BRX,0.033
E14000666,GRN,0.019
E14000666,MRLP,0.004
E14000667,CON,0.432
E14000667,LAB,0.352
E14000667,BRX,0.137
E14000667,LD,0.042
E14000667,GRN,0.019
E14000667,YRKS,0.018
E14000668,LAB,0.4
E14000668,CON,0.345
E14000668,BRX,0.165
E14000668,LD,0.042
E14000668,YRKS,0.024
E14000668,GRN,0.024
E14000669,LAB,0.387
E14000669,CON,0.329
E14000669,BRX,0.204
E14000669,LD,0.036
E14000669,YRKS,0.024
E14000669,ED,0.008
E14000815,CON,0.604
E14000815,LD,0.299
E14000815,LAB,0.07
E14000815,GRN,0.027
E14000839,CON,0.636
E14000839,LD,0.203
E14000839,LAB,0.12
E14000839,GRN,0.04
E14000936,CON,0.588
E14000936,LAB,0.252
E14000936,LD,0.106
E14000936,GRN,0.044
E14000936,IND,0.009
E14001031,CON,0.551
E14001031,LD,0.32
E14001031,LAB,0.094
E14001031,GRN,0.035
E14000670,CON,0.569
E14000670,LAB,0.326
E14000670,LD,0.057
E14000670,GRN,0.027
E14000670,IND,0.018
E14000670,WEP,0.003
E14000671,CON,0.631
E14000671,LAB,0.316
E14000671,LD,0.033
E14000671,GRN,0.02
E14000672,CON,0.679
E14000672,LAB,0.253
E14000672,LD,0.044
E14000672,GRN,0.024
E14000673,LAB,0.655
E14000673,GRN,0.165
E14000673,CON,0.164
E14000673,BRX,0.01
E14000673,CPA,0.004
E14000673,UKIP,0.001
S14000013,CON,0.441
S14000013,SNP,0.406
S14000013,LAB,0.092
S14000013,LD,0.061
S14000014,CON,0.46
S14000014,SNP,0.383
S14000014,LAB,0.085
S14000014,LD,0.072
S14000018,SNP,0.371
S14000018,LD,0.368
S14000018,CON,0.141
S14000018,LAB,0.091
S14000018,GRN,0.017
S14000018,IND,0.004
S14000059,SNP,0.496
S14000059,LAB,0.285
S14000059,CON,0.143
S14000059,LD,0.042
S14000059,GRN,0.019
S14000059,IND,0.016
S14000015,SNP,0.538
S14000015,CON,0.243
S14000015,LAB,0.134
S14000015,LD,0.079
S14000015,IND,0.007
S14000016,SNP,0.538
S14000016,LAB,0.243
S14000016,CON,0.124
S14000016,LD,0.059
S14000016,BRX,0.031
S14000016,CPA,0.006
S14000017,SNP,0.444
S14000017,LAB,0.244
S14000017,CON,0.21
S14000017,LD,0.08
S14000017,GRN,0.024
E14000840,LAB,0.442
E14000840,CON,0.329
E14000840,BRX,0.111
E14000840,LD,0.068
E14000840,GRN,0.027
E14000840,IND,0.023
E14000856,CON,0.419
E14000856,LAB,0.395
E14000856,BRX,0.067
E14000856,LD,0.059
E14000856,IND,0.026
E14000856,GRN,0.025
E14000641,LAB,0.42
E14000641,CON,0.317
E14000641,LD,0.162
E14000641,BRX,0.067
E14000641,GRN,0.033
W07000061,PC,0.483
W07000061,CON,0.324
W07000061,LAB,0.134
W07000061,BRX,0.059
E14000674,LAB,0.513
E14000674,CON,0.271
E14000674,LD,0.172
E14000674,GRN,0.032
E14000674,BRX,0.012
E14000675,LAB,0.565
E14000675,CON,0.318
E14000675,LD,0.088
E14000675,GRN,0.029
E14000676,LAB,0.608
E14000676,CON,0.227
E14000676,LD,0.093
E14000676,GRN,0.04
E14000676,BRX,0.021
E14000676,CPA,0.007
E14000677,LAB,0.455
E14000677,CON,0.264
E14000677,BRX,0.195
E14000677,LD,0.044
E14000677,NE,0.042
N06000005,DUP,0.453
N06000005,APNI,0.273
N06000005,UUP,0.147
N06000005,SF,0.057
N06000005,CON,0.028
N06000005,SDLP,0.024
E14000679,LAB,0.763
E14000679,CON,0.156
E14000679,LD,0.04
E14000679,BRX,0.02
E14000679,GRN,0.016
E14000679,CMU,0.005
S14000019,SNP,0.464
S14000019,LAB,0.227
S14000019,CON,0.212
S14000019,LD,0.067
S14000019,GRN,0.02
S14000019,UKIP,0.01
N06000006,DUP,0.401
N06000006,SDLP,0.157
N06000006,SF,0.156
N06000006,APNI,0.151
N06000006,UUP,0.092
N06000006,AONT,0.044
S14000020,SNP,0.362
S14000020,LAB,0.295
S14000020,CON,0.265
S14000020,LD,0.07
S14000020,UKIP,0.008
E14000684,CON,0.489
E14000684,LD,0.41
E14000684,LAB,0.07
E14000684,BRX,0.028
E14000684,IND,0.003
E14000685,CON,0.554
E14000685,LD,0.29
E14000685,LAB,0.128
E14000685,GRN,0.028
E14000686,CON,0.568
E14000686,LAB,0.22
E14000686,LD,0.181
E14000686,GRN,0.022
E14000686,UKIP,0.009
S14000022,SNP,0.484
S14000022,LAB,0.267
S14000022,CON,0.137
S14000022,LD,0.069
S14000022,GRN,0.043
S14000023,SNP,0.437
S14000023,LAB,0.221
S14000023,CON,0.185
S14000023,LD,0.112
S14000023,GRN,0.033
S14000023,BRX,0.009
S14000024,LAB,0.477
S14000024,SNP,0.254
S14000024,CON,0.164
S14000024,LD,0.077
S14000024,GRN,0.027
S14000025,SNP,0.476
S14000025,CON,0.246
S14000025,LAB,0.143
S14000025,LD,0.095
S14000025,GRN,0.024
S14000025,BRX,0.012
S14000026,LD,0.399
S14000026,SNP,0.33
S14000026,CON,0.17
S14000026,LAB,0.082
S14000026,GRN,0.019
E14000687,LAB,0.65
E14000687,CON,0.253
E14000687,LD,0.053
E14000687,GRN,0.021
E14000687,BRX,0.021
E14000687,IND,0.002
E14000688,LAB,0.533
E14000688,CON,0.354
E14000688,LD,0.049
E14000688,BRX,0.044
E14000688,GRN,0.02
E14000689,CON,0.579
E14000689,LAB,0.281
E14000689,LD,0.089
E14000689,GRN,0.03
E14000689,YRKS,0.021
E14000690,LAB,0.47
E14000690,CON,0.397
E14000690,LD,0.067
E14000690,BRX,0.035
E14000690,GRN,0.03
E14000691,LAB,0.518
E14000691,CON,0.374
E14000691,LD,0.065
E14000691,GRN,0.025
E14000691,BRX,0.018
E14000692,LAB,0.485
E14000692,CON,0.391
E14000692,LD,0.092
E14000692,GRN,0.022
E14000692,BRX,0.01
E14000693,CON,0.644
E14000693,LAB,0.203
E14000693,LD,0.107
E14000693,GRN,0.039
E14000693,YPP,0.004
E14000693,SDP,0.003
E14000694,CON,0.535
E14000694,LD,0.235
E14000694,LAB,0.172
E14000694,GRN,0.034
E14000694,IND,0.024
E14000695,CON,0.565
E14000695,LAB,0.347
E14000695,LD,0.051
E14000695,GRN,0.023
E14000695,IND,0.008
E14000695,IND,0.004
E14000696,LAB,0.48
E14000696,CON,0.39
E14000696,BRX,0.054
E14000696,LD,0.048
E14000696,GRN,0.021
E14000696,CPA,0.007
E14000697,CON,0.494
E14000697,LD,0.45
E14000697,LAB,0.045
E14000697,IND,0.006
E14000697,MRLP,0.005
E14000697,ADV,0.001
E14000698,LAB,0.532
E14000698,CON,0.347
E14000698,GRN,0.086
E14000698,BRX,0.025
E14000698,IND,0.005
E14000698,UKIP,0.005
S14000028,SNP,0.525
S14000028,CON,0.258
S14000028,LAB,0.112
S14000028,LD,0.071
S14000028,GRN,0.034
E14000699,CON,0.637
E14000699,LAB,0.181
E14000699,LD,0.14
E14000699,GRN,0.042
E14000700,CON,0.632
E14000700,LAB,0.196
E14000700,LD,0.122
E14000700,GRN,0.042
E14000700,IND,0.007
E14000701,LAB,0.52
E14000701,CON,0.356
E14000701,LD,0.065
E14000701,BRX,0.035
E14000701,GRN,0.024
N06000007,SF,0.433
N06000007,UUP,0.432
N06000007,SDLP,0.068
N06000007,APNI,0.052
N06000007,IND,0.015
S14000049,LD,0.431
S14000049,SNP,0.402
S14000049,CON,0.13
S14000049,LAB,0.037
E14000702,CON,0.489
E14000702,LAB,0.384
E14000702,LD,0.093
E14000702,GRN,0.029
E14000702,CMUK,0.005
E14000703,CON,0.438
E14000703,LD,0.319
E14000703,LAB,0.242
E14000704,CON,0.601
E14000704,LAB,0.24
E14000704,LD,0.098
E14000704,GRN,0.046
E14000704,IND,0.01
E14000704,SDP,0.003
E14000705,CON,0.596
E14000705,LAB,0.288
E14000705,GRN,0.091
E14000705,IND,0.025
N06000008,SDLP,0.57
N06000008,SF,0.207
N06000008,DUP,0.101
N06000008,AONT,0.043
N06000008,PBP,0.028
N06000008,APNI,0.027
E14000706,CON,0.609
E14000706,LAB,0.253
E14000706,LD,0.08
E14000706,GRN,0.037
E14000706,IND,0.02
E14000707,CON,0.664
E14000707,LAB,0.214
E14000707,LD,0.101
E14000707,IND,0.021
E14000708,LAB,0.723
E14000708,CON,0.13
E14000708,LD,0.062
E14000708,BRX,0.055
E14000708,GRN,0.022
E14000708,LIB,0.006
E14000709,LAB,0.536
E14000709,CON,0.347
E14000709,LD,0.073
E14000709,GRN,0.043
E14000710,CON,0.455
E14000710,LAB,0.441
E14000710,LD,0.046
E14000710,BRX,0.036
E14000710,GRN,0.022
E14000711,CON,0.613
E14000711,LAB,0.284
E14000711,LD,0.054
E14000711,GRN,0.023
E14000711,UKIP,0.018
E14000711,IND,0.005
S14000029,SNP,0.492
S14000029,LAB,0.331
S14000029,CON,0.092
S14000029,LD,0.049
S14000029,GRN,0.036
S14000030,SNP,0.477
S14000030,LAB,0.332
S14000030,CON,0.148
S14000030,LD,0.042
S14000031,SNP,0.469
S14000031,LAB,0.314
S14000031,CON,0.105
S14000031,LD,0.066
S14000031,GRN,0.036
S14000031,BRX,0.009
S14000032,SNP,0.469
S14000032,LAB,0.394
S14000032,CON,0.105
S14000032,LD,0.032
S14000033,SNP,0.495
S14000033,LAB,0.285
S14000033,CON,0.152
S14000033,LD,0.068
S14000034,SNP,0.481
S14000034,LAB,0.291
S14000034,CON,0.131
S14000034,LD,0.059
S14000034,GRN,0.026
S14000034,BRX,0.011
S14000035,SNP,0.479
S14000035,LAB,0.346
S14000035,CON,0.115
S14000035,LD,0.039
S14000035,BRX,0.022
S14000036,SNP,0.511
S14000036,LAB,0.228
S14000036,CON,0.167
S14000036,LD,0.064
S14000036,BRX,0.031
E14000712,CON,0.542
E14000712,LAB,0.351
E14000712,LD,0.081
E14000712,GRN,0.026
S14000037,SNP,0.427
S14000037,CON,0.413
S14000037,LD,0.106
S14000037,LAB,0.055
E14000713,CON,0.665
E14000713,LAB,0.185
E14000713,LD,0.113
E14000713,GRN,0.037
W07000046,LAB,0.454
W07000046,CON,0.413
W07000046,PC,0.051
W07000046,LD,0.05
W07000046,BRX,0.031
E14000714,CON,0.657
E14000714,LAB,0.193
E14000714,LD,0.11
E14000714,GRN,0.04
E14000715,CON,0.622
E14000715,LAB,0.294
E14000715,LD,0.054
E14000715,GRN,0.029
E14000716,CON,0.549
E14000716,LAB,0.327
E14000716,BRX,0.072
E14000716,LD,0.032
E14000716,GRN,0.016
E14000716,IND,0.005
E14000717,CON,0.658
E14000717,LAB,0.251
E14000717,LD,0.038
E14000717,GRN,0.024
E14000717,VPP,0.015
E14000717,IND,0.01
E14000718,LAB,0.568
E14000718,CON,0.221
E14000718,LD,0.137
E14000718,GRN,0.044
E14000718,BRX,0.023
E14000718,CPA,0.005
E14000719,CON,0.449
E14000719,LD,0.392
E14000719,LAB,0.077
E14000719,IND,0.074
E14000719,PP,0.008
E14000720,LAB,0.703
E14000720,CON,0.119
E14000720,GRN,0.088
E14000720,LD,0.075
E14000720,BRX,0.011
E14000720,REN,0.003
E14000721,LAB,0.733
E14000721,CON,0.108
E14000721,LD,0.089
E14000721,GRN,0.054
E14000721,BRX,0.014
E14000721,WRP,0.002
E14000722,CON,0.605
E14000722,LAB,0.32
E14000722,LD,0.041
E14000722,GRN,0.022
E14000722,IND,0.005
E14000722,IND,0.004
E14000723,LAB,0.463
E14000723,CON,0.407
E14000723,BRX,0.061
E14000723,LD,0.049
E14000723,GRN,0.02
E14000724,CON,0.624
E14000724,LAB,0.215
E14000724,LD,0.105
E14000724,GRN,0.035
E14000724,YRKS,0.021
E14000725,LAB,0.635
E14000725,CON,0.224
E14000725,BRX,0.081
E14000725,LD,0.039
E14000725,GRN,0.021
E14000726,LAB,0.579
E14000726,CON,0.235
E14000726,LD,0.134
E14000726,GRN,0.034
E14000726,BRX,0.019
E14000680,CON,0.588
E14000680,LD,0.242
E14000680,LAB,0.111
E14000680,GRN,0.046
E14000680,UKIP,0.011
E14000680,JACP,0.003
E14000844,CON,0.595
E14000844,LD,0.254
E14000844,LAB,0.097
E14000844,GRN,0.03
E14000844,IND,0.014
E14000844,MRLP,0.01
E14000857,CON,0.621
E14000857,LD,0.175
E14000857,LAB,0.158
E14000857,GRN,0.046
E14000727,LAB,0.489
E14000727,CON,0.242
E14000727,LD,0.229
E14000727,GRN,0.028
E14000727,BRX,0.012
E14000728,CON,0.553
E14000728,LAB,0.252
E14000728,LD,0.159
E14000728,GRN,0.03
E14000728,IND,0.007
E14000729,CON,0.635
E14000729,LAB,0.31
E14000729,LD,0.055
E14000730,CON,0.526
E14000730,LD,0.356
E14000730,LAB,0.096
E14000730,YRKS,0.021
E14000731,CON,0.544
E14000731,LAB,0.379
E14000731,LD,0.077
E14000732,LAB,0.524
E14000732,CON,0.343
E14000732,LD,0.09
E14000732,GRN,0.023
E14000732,BRX,0.019
E14000733,LAB,0.377
E14000733,CON,0.289
E14000733,BRX,0.258
E14000733,LD,0.041
E14000733,IND,0.022
E14000733,SLP,0.012
E14000734,CON,0.613
E14000734,LAB,0.224
E14000734,LD,0.113
E14000734,GRN,0.037
E14000734,IND,0.008
E14000734,IND,0.005
E14000735,CON,0.496
E14000735,LAB,0.421
E14000735,LD,0.073
E14000735,IND,0.01
E14000736,CON,0.654
E14000736,LAB,0.18
E14000736,LD,0.124
E14000736,GRN,0.035
E14000736,SDP,0.007
E14000737,LAB,0.558
E14000737,CON,0.347
E14000737,LD,0.044
E14000737,BRX,0.029
E14000737,GRN,0.017
E14000737,CPA,0.004
E14000738,CON,0.488
E14000738,LD,0.388
E14000738,LAB,0.124
E14000739,CON,0.565
E14000739,LAB,0.281
E14000739,LD,0.123
E14000739,GRN,0.031
E14000740,LAB,0.375
E14000740,CON,0.348
E14000740,BRX,0.135
E14000740,IND,0.056
E14000740,LD,0.039
E14000740,YRKS,0.022
E14000741,CON,0.488
E14000741,LAB,0.411
E14000741,LD,0.084
E14000741,GRN,0.017
E14000742,CON,0.548
E14000742,LD,0.309
E14000742,LAB,0.097
E14000742,GRN,0.047
E14000743,CON,0.612
E14000743,LAB,0.216
E14000743,LD,0.125
E14000743,GRN,0.048
E14000847,CON,0.63
E14000847,LD,0.143
E14000847,LAB,0.133
E14000847,GRN,0.093
E14000744,CON,0.561
E14000744,LAB,0.234
E14000744,LD,0.143
E14000744,GRN,0.045
E14000744,UKIP,0.011
E14000744,IND,0.005
E14000845,CON,0.566
E14000845,LAB,0.237
E14000845,LD,0.155
E14000845,GRN,0.043
E14000951,CON,0.496
E14000951,IND,0.26
E14000951,LAB,0.118
E14000951,LD,0.102
E14000951,GRN,0.024
E14000745,CON,0.625
E14000745,LAB,0.217
E14000745,LD,0.126
E14000745,GRN,0.032
E14000746,CON,0.545
E14000746,LAB,0.316
E14000746,LD,0.101
E14000746,GRN,0.037
E14000747,CON,0.431
E14000747,LAB,0.417
E14000747,BRX,0.083
E14000747,LD,0.044
E14000747,GRN,0.026
E14000748,CON,0.459
E14000748,LAB,0.448
E14000748,LD,0.051
E14000748,BRX,0.022
E14000748,GRN,0.021
E14000749,CON,0.471
E14000749,LD,0.354
E14000749,LAB,0.169
E14000749,CPA,0.005
E14000749,ADV,0.002
E14000750,LAB,0.645
E14000750,CON,0.156
E14000750,LD,0.129
E14000750,GRN,0.048
E14000750,BRX,0.018
E14000750,UKIP,0.002
E14000751,CON,0.658
E14000751,LAB,0.226
E14000751,LD,0.072
E14000751,GRN,0.036
E14000751,BNP,0.009
E14000752,LAB,0.575
E14000752,LD,0.26
E14000752,CON,0.112
E14000752,GRN,0.036
E14000752,BRX,0.012
E14000752,CPA,0.003
E14000753,CON,0.568
E14000753,LD,0.234
E14000753,LAB,0.149
E14000753,GRN,0.042
E14000753,PP,0.008
E14000754,LAB,0.407
E14000754,CON,0.329
E14000754,BRX,0.155
E14000754,LD,0.058
E14000754,GRN,0.028
E14000754,UKIP,0.023
E14000755,LAB,0.583
E14000755,CON,0.281
E14000755,LD,0.066
E14000755,GRN,0.044
E14000755,BRX,0.02
E14000755,MRLP,0.003
E14000756,LAB,0.49
E14000756,CON,0.372
E14000756,LD,0.057
E14000756,GRN,0.042
E14000756,BRX,0.04
E14000771,LAB,0.392
E14000771,CON,0.354
E14000771,BRX,0.178
E14000771,LD,0.053
E14000771,GRN,0.024
E14000772,LAB,0.498
E14000772,CON,0.276
E14000772,BRX,0.139
E14000772,LD,0.061
E14000772,GRN,0.026
E14000773,LAB,0.427
E14000773,CON,0.336
E14000773,BRX,0.18
E14000773,LD,0.056
E14000773,GRN,0.002
E14000757,CON,0.548
E14000757,LAB,0.22
E14000757,LD,0.159
E14000757,GRN,0.038
E14000757,IND,0.03
E14000757,IND,0.005
E14000758,CON,0.485
E14000758,LAB,0.415
E14000758,BRX,0.051
E14000758,LD,0.029
E14000758,GRN,0.02
E14000759,LAB,0.505
E14000759,CON,0.401
E14000759,LD,0.053
E14000759,BRX,0.019
E14000759,GRN,0.017
E14000759,CPA,0.004
E14000760,LAB,0.656
E14000760,CON,0.205
E14000760,TIG,0.073
E14000760,LD,0.034
E14000760,BRX,0.019
E14000760,GRN,0.013
S14000038,SNP,0.484
S14000038,LAB,0.295
S14000038,CON,0.157
S14000038,LD,0.064
S14000039,SNP,0.479
S14000039,CON,0.288
S14000039,LD,0.107
S14000039,LAB,0.075
S14000039,GRN,0.031
S14000039,BRX,0.02
E14000761,CON,0.503
E14000761,LAB,0.393
E14000761,LD,0.049
E14000761,BRX,0.029
E14000761,GRN,0.026
E14000762,CON,0.562
E14000762,LAB,0.243
E14000762,GRN,0.152
E14000762,INET,0.021
E14000762,IND,0.012
E14000762,IND,0.011
E14000763,LAB,0.643
E14000763,LD,0.156
E14000763,CON,0.102
E14000763,GRN,0.08
E14000763,BRX,0.014
E14000763,MRLP,0.004
E14000764,LAB,0.563
E14000764,LD,0.2
E14000764,CON,0.168
E14000764,GRN,0.042
E14000764,BRX,0.024
E14000764,MRLP,0.004
W07000077,LAB,0.447
W07000077,CON,0.288
W07000077,BRX,0.141
W07000077,PC,0.067
W07000077,LD,0.038
W07000077,GRN,0.019
E14000765,LAB,0.451
E14000765,CON,0.276
E14000765,BRX,0.101
E14000765,IND,0.073
E14000765,LD,0.058
E14000765,GRN,0.02
E14000766,CON,0.481
E14000766,LAB,0.439
E14000766,LD,0.049
E14000766,BRX,0.016
E14000766,YRKS,0.013
E14000766,SDP,0.003
E14000767,CON,0.577
E14000767,LD,0.19
E14000767,LAB,0.179
E14000767,GRN,0.045
E14000767,MRLP,0.009
E14000768,CON,0.383
E14000768,LAB,0.38
E14000768,LD,0.213
E14000768,GRN,0.012
E14000768,BRX,0.009
E14000768,CPA,0.002
E14000769,CON,0.603
E14000769,LAB,0.264
E14000769,LD,0.068
E14000769,IND,0.033
E14000769,GRN,0.031
S14000040,SNP,0.508
S14000040,CON,0.243
S14000040,LAB,0.189
S14000040,LD,0.051
S14000040,LBT,0.009
E14000770,LD,0.511
E14000770,CON,0.339
E14000770,LAB,0.107
E14000770,GRN,0.017
E14000770,BRX,0.013
E14000770,IND,0.008
E14000774,CON,0.562
E14000774,LAB,0.334
E14000774,LD,0.069
E14000774,GRN,0.024
E14000774,ANWP,0.01
S14000041,SNP,0.352
S14000041,LAB,0.326
S14000041,CON,0.201
S14000041,LD,0.062
S14000041,GRN,0.035
S14000041,BRX,0.024
E14000775,LAB,0.808
E14000775,CON,0.081
E14000775,BRX,0.061
E14000775,GRN,0.023
E14000775,LD,0.02
E14000775,LIB,0.007
N06000009,DUP,0.431
N06000009,APNI,0.288
N06000009,UUP,0.19
N06000009,SDLP,0.039
N06000009,SF,0.024
N06000009,CON,0.021
S14000042,SNP,0.419
S14000042,CON,0.321
S14000042,LAB,0.202
S14000042,LD,0.057
E14001033,LAB,0.521
E14001033,CON,0.363
E14001033,LD,0.049
E14001033,BRX,0.043
E14001033,GRN,0.024
E14000776,LAB,0.468
E14000776,CON,0.416
E14000776,LD,0.045
E14000776,BRX,0.04
E14000776,GRN,0.031
E14000777,LAB,0.617
E14000777,CON,0.226
E14000777,BRX,0.061
E14000777,LD,0.048
E14000777,GRN,0.043
E14000777,SDP,0.006
E14000778,LAB,0.498
E14000778,CON,0.357
E14000778,BRX,0.076
E14000778,LD,0.046
E14000778,GRN,0.022
E14000779,LAB,0.575
E14000779,CON,0.236
E14000779,LD,0.112
E14000779,GRN,0.038
E14000779,BRX,0.035
E14000779,AGS,0.003
E14000780,LAB,0.486
E14000780,CON,0.268
E14000780,LD,0.191
E14000780,GRN,0.028
E14000780,BRX,0.026
E14000781,LAB,0.551
E14000781,CON,0.289
E14000781,BRX,0.067
E14000781,LD,0.044
E14000781,GRN,0.032
E14000781,YRKS,0.016
E14000782,LAB,0.508
E14000782,CON,0.386
E14000782,LD,0.057
E14000782,BRX,0.025
E14000782,GRN,0.018
E14000782,IND,0.007
E14000783,LAB,0.67
E14000783,CON,0.218
E14000783,LD,0.055
E14000783,GRN,0.033
E14000783,BRX,0.024
E14000784,LAB,0.497
E14000784,CON,0.376
E14000784,LD,0.052
E14000784,BRX,0.047
E14000784,GRN,0.028
E14000858,CON,0.628
E14000858,LAB,0.249
E14000858,LD,0.067
E14000858,GRN,0.046
E14000858,IND,0.007
E14000858,LBT,0.003
E14000940,CON,0.64
E14000940,LAB,0.223
E14000940,LD,0.095
E14000940,GRN,0.042
E14000785,CON,0.453
E14000785,LAB,0.411
E14000785,BRX,0.067
E14000785,LD,0.048
E14000785,IND,0.012
E14000785,UKIP,0.01
E14000786,CON,0.479
E14000786,LD,0.434
E14000786,LAB,0.058
E14000786,GRN,0.026
E14000786,IND,0.002
E14000789,LAB,0.708
E14000789,CON,0.114
E14000789,LD,0.104
E14000789,GRN,0.056
E14000789,BRX,0.014
E14000789,IND,0.002
E14000787,LAB,0.595
E14000787,CON,0.215
E14000787,LD,0.112
E14000787,GRN,0.038
E14000787,BRX,0.028
E14000787,CPA,0.006
E14000788,LAB,0.612
E14000788,CON,0.198
E14000788,LD,0.12
E14000788,GRN,0.046
E14000788,BRX,0.02
E14000788,CPA,0.004
E14000790,LAB,0.647
E14000790,CON,0.18
E14000790,LD,0.105
E14000790,GRN,0.041
E14000790,BRX,0.018
E14000790,IND,0.01
E14000791,CON,0.645
E14000791,LAB,0.208
E14000791,LD,0.104
E14000791,GRN,0.032
E14000791,IND,0.011
E14000792,CON,0.479
E14000792,LAB,0.41
E14000792,LD,0.048
E14000792,GRN,0.024
E14000792,BRX,0.021
E14000792,IND,0.012
S14000043,SNP,0.442
S14000043,CON,0.247
S14000043,LAB,0.182
S14000043,LD,0.076
S14000043,BRX,0.022
S14000043,GRN,0.02
E14000793,LAB,0.78
E14000793,CON,0.078
E14000793,GRN,0.057
E14000793,LD,0.051
E14000793,BRX,0.034
E14000794,LAB,0.847
E14000794,CON,0.099
E14000794,GRN,0.02
E14000794,LD,0.019
E14000794,LIB,0.016
E14000795,LAB,0.722
E14000795,CON,0.097
E14000795,LD,0.093
E14000795,BRX,0.044
E14000795,GRN,0.031
E14000795,LIB,0.012
E14000796,LAB,0.776
E14000796,CON,0.094
E14000796,BRX,0.046
E14000796,LIB,0.042
E14000796,LD,0.029
E14000796,GRN,0.014
S14000044,SNP,0.469
S14000044,CON,0.223
S14000044,LAB,0.218
S14000044,LD,0.063
S14000044,GRN,0.026
W07000045,LAB,0.422
W07000045,CON,0.3
W07000045,PC,0.184
W07000045,BRX,0.094
E14000797,CON,0.512
E14000797,LAB,0.38
E14000797,LD,0.076
E14000797,GRN,0.028
E14000797,IND,0.004
E14000798,CON,0.727
E14000798,LAB,0.175
E14000798,LD,0.079
E14000798,MRLP,0.02
E14000799,CON,0.641
E14000799,LD,0.17
E14000799,LAB,0.151
E14000799,GRN,0.038
E14000800,LAB,0.552
E14000800,CON,0.335
E14000800,LD,0.048
E14000800,BRX,0.029
E14000800,GRN,0.018
E14000800,IND,0.015
E14000801,LAB,0.518
E14000801,CON,0.31
E14000801,IND,0.093
E14000801,BRX,0.038
E14000801,GRN,0.024
E14000801,IND,0.012
E14000802,CON,0.525
E14000802,LAB,0.326
E14000802,LD,0.106
E14000802,GRN,0.043
E14000803,CON,0.577
E14000803,LD,0.244
E14000803,LAB,0.14
E14000803,GRN,0.039
E14000804,CON,0.604
E14000804,LAB,0.183
E14000804,LD,0.164
E14000804,GRN,0.042
E14000804,IND,0.007
E14000805,LAB,0.451
E14000805,CON,0.344
E14000805,BRX,0.131
E14000805,LD,0.048
E14000805,GRN,0.026
E14000806,CON,0.72
E14000806,LAB,0.124
E14000806,LD,0.119
E14000806,GRN,0.037
E14000807,LAB,0.704
E14000807,CON,0.148
E14000807,LD,0.065
E14000807,BRX,0.045
E14000807,GRN,0.036
E14000807,SEQ,0.002
E14000808,LAB,0.776
E14000808,CON,0.095
E14000808,LD,0.055
E14000808,GRN,0.038
E14000808,BRX,0.035
E14000809,LAB,0.677
E14000809,LD,0.151
E14000809,CON,0.11
E14000809,GRN,0.037
E14000809,BRX,0.025
E14000810,CON,0.639
E14000810,LAB,0.308
E14000810,LD,0.033
E14000810,IND,0.011
E14000810,IND,0.009
E14000811,CON,0.635
E14000811,LD,0.211
E14000811,LAB,0.102
E14000811,GRN,0.053
E14000812,CON,0.634
E14000812,LAB,0.213
E14000812,LD,0.104
E14000812,GRN,0.049
W07000071,LAB,0.524
W07000071,CON,0.196
W07000071,BRX,0.112
W07000071,PC,0.076
W07000071,IND,0.058
W07000071,LD,0.035
N06000010,SF,0.459
N06000010,DUP,0.245
N06000010,SDLP,0.143
N06000010,APNI,0.079
N06000010,UUP,0.059
N06000010,IND,0.015
E14000819,LAB,0.505
E14000819,CON,0.258
E14000819,IND,0.133
E14000819,BRX,0.064
E14000819,LD,0.024
E14000819,GRN,0.016
E14000820,CON,0.588
E14000820,LAB,0.345
E14000820,LD,0.041
E14000820,GRN,0.026
S14000045,SNP,0.415
S14000045,LAB,0.297
S14000045,CON,0.217
S14000045,LD,0.07
E14000821,CON,0.495
E14000821,LAB,0.395
E14000821,LD,0.08
E14000821,GRN,0.031
E14000822,CON,0.5
E14000822,LAB,0.392
E14000822,LD,0.073
E14000822,GRN,0.023
E14000822,IND,0.008
E14000822,CPA,0.003
E14000823,LAB,0.611
E14000823,CON,0.251
E14000823,LD,0.081
E14000823,BRX,0.026
E14000823,GRN,0.025
E14000823,CPA,0.005
E14000824,CON,0.554
E14000824,LD,0.343
E14000824,LAB,0.052
E14000824,GRN,0.033
E14000824,IND,0.009
E14000824,UKIP,0.008
W07000054,CON,0.521
W07000054,LAB,0.322
W07000054,LD,0.098
W07000054,GRN,0.027
W07000054,PC,0.024
W07000054,IND,0.009
W07000063,CON,0.585
W07000063,LD,0.23
W07000063,LAB,0.163
W07000063,GWLD,0.021
S14000046,CON,0.453
S14000046,SNP,0.442
S14000046,LAB,0.05
S14000046,LD,0.046
S14000046,UKIP,0.008
E14000825,CON,0.528
E14000825,LAB,0.388
E14000825,LD,0.051
E14000825,GRN,0.021
E14000825,IND,0.012
E14000826,CON,0.567
E14000826,LAB,0.35
E14000826,LD,0.044
E14000826,GRN,0.021
E14000826,YRKS,0.018
S14000047,SNP,0.464
S14000047,LAB,0.323
S14000047,CON,0.161
S14000047,LD,0.038
S14000047,UKIP,0.014
S14000027,SNP,0.451
S14000027,LAB,0.283
S14000027,CON,0.222
S14000027,LD,0.044
W07000069,LAB,0.433
W07000069,CON,0.28
W07000069,PC,0.122
W07000069,BRX,0.087
W07000069,LD,0.04
W07000069,GRN,0.02
E14000827,CON,0.645
E14000827,LAB,0.148
E14000827,LD,0.146
E14000827,GRN,0.048
E14000827,ANWP,0.013
E14000828,CON,0.638
E14000828,LD,0.153
E14000828,LAB,0.131
E14000828,GRN,0.077
E14000829,CON,0.633
E14000829,LAB,0.235
E14000829,LD,0.097
E14000829,GRN,0.036
E14000830,CON,0.574
E14000830,LD,0.306
E14000830,LAB,0.073
E14000830,GRN,0.041
E14000830,IND,0.005
E14000831,LAB,0.576
E14000831,CON,0.248
E14000831,LD,0.072
E14000831,BRX,0.068
E14000831,GRN,0.036
E14000832,LAB,0.601
E14000832,CON,0.244
E14000832,LD,0.105
E14000832,GRN,0.051
E14000833,LAB,0.454
E14000833,CON,0.332
E14000833,LD,0.093
E14000833,BRX,0.092
E14000833,GRN,0.029
E14000834,CON,0.525
E14000834,LAB,0.359
E14000834,LD,0.053
E14000834,BRX,0.043
E14000834,GRN,0.021
W07000055,LAB,0.444
W07000055,CON,0.39
W07000055,BRX,0.068
W07000055,LD,0.058
W07000055,PC,0.024
W07000055,GRN,0.016
W07000056,LAB,0.437
W07000056,CON,0.416
W07000056,LD,0.059
W07000056,BRX,0.04
W07000056,PC,0.027
W07000056,GRN,0.021
N06000011,SF,0.4
N06000011,DUP,0.217
N06000011,SDLP,0.186
N06000011,APNI,0.083
N06000011,UUP,0.083
N06000011,AONT,0.032
E14000835,CON,0.555
E14000835,LD,0.222
E14000835,LAB,0.178
E14000835,GRN,0.029
E14000835,IND,0.016
E14000816,CON,0.624
E14000816,LAB,0.222
E14000816,LD,0.138
E14000816,IND,0.017
E14000848,CON,0.586
E14000848,LD,0.303
E14000848,LAB,0.077
E14000848,BRX,0.034
E14000859,CON,0.657
E14000859,LAB,0.23
E14000859,LD,0.078
E14000859,GRN,0.035
E14000941,CON,0.58
E14000941,LAB,0.24
E14000941,LD,0.14
E14000941,GRN,0.04
E14000952,CON,0.69
E14000952,LAB,0.181
E14000952,LD,0.081
E14000952,GRN,0.032
E14000952,MRLP,0.016
E14000836,LAB,0.379
E14000836,CON,0.353
E14000836,BRX,0.166
E14000836,LD,0.065
E14000836,YRKS,0.037
N06000012,DUP,0.474
N06000012,UUP,0.185
N06000012,APNI,0.141
N06000012,SF,0.128
N06000012,SDLP,0.067
N06000012,IND,0.006
N06000013,APNI,0.452
N06000013,DUP,0.379
N06000013,UUP,0.121
N06000013,CON,0.048
E14000861,CON,0.532
E14000861,LAB,0.393
E14000861,LD,0.051
E14000861,GRN,0.024
E14000862,CON,0.512
E14000862,LAB,0.397
E14000862,LD,0.061
E14000862,GRN,0.03
E14000942,CON,0.624
E14000942,LAB,0.209
E14000942,LD,0.118
E14000942,GRN,0.039
E14000942,IND,0.007
E14000942,IND,0.003
E14000863,CON,0.505
E14000863,LAB,0.403
E14000863,LD,0.058
E14000863,GRN,0.023
E14000863,UKIP,0.011
E14000864,LAB,0.537
E14000864,CON,0.29
E14000864,LD,0.092
E14000864,GRN,0.048
E14000864,BRX,0.032
E14000865,LAB,0.643
E14000865,CON,0.209
E14000865,LD,0.049
E14000865,TIG,0.036
E14000865,BRX,0.034
E14000865,GRN,0.03
E14000866,LAB,0.491
E14000866,CON,0.364
E14000866,BRX,0.076
E14000866,LD,0.045
E14000866,GRN,0.025
E14000867,LAB,0.552
E14000867,CON,0.291
E14000867,LD,0.082
E14000867,BRX,0.042
E14000867,GRN,0.033
E14000868,CON,0.606
E14000868,LAB,0.315
E14000868,LD,0.041
E14000868,GRN,0.037
S14000050,SNP,0.465
S14000050,CON,0.387
S14000050,LAB,0.086
S14000050,LD,0.055
S14000050,UKIP,0.007
W07000074,LAB,0.497
W07000074,CON,0.277
W07000074,BRX,0.085
W07000074,PC,0.082
W07000074,LD,0.041
W07000074,GRN,0.018
E14000869,CON,0.645
E14000869,LAB,0.235
E14000869,LD,0.083
E14000869,GRN,0.032
E14000869,CPA,0.005
E14000870,LAB,0.435
E14000870,CON,0.403
E14000870,BRX,0.065
E14000870,LD,0.052
E14000870,POS,0.023
E14000870,GRN,0.017
E14000871,LAB,0.553
E14000871,CON,0.303
E14000871,BRX,0.075
E14000871,LD,0.033
E14000871,GRN,0.015
E14000871,POS,0.012
S14000051,LD,0.448
S14000051,SNP,0.34
S14000051,CON,0.099
S14000051,LAB,0.067
S14000051,BRX,0.039
S14000051,IND,0.007
E14000872,CON,0.634
E14000872,LAB,0.175
E14000872,LD,0.155
E14000872,GRN,0.037
E14000873,LAB,0.57
E14000873,CON,0.209
E14000873,LD,0.139
E14000873,GRN,0.048
E14000873,BRX,0.023
E14000873,IND,0.005
E14000874,LD,0.533
E14000874,CON,0.381
E14000874,LAB,0.072
E14000874,BRX,0.014
S14000052,SNP,0.47
S14000052,LAB,0.23
S14000052,CON,0.226
S14000052,LD,0.074
S14000053,SNP,0.502
S14000053,LAB,0.254
S14000053,CON,0.176
S14000053,LD,0.068
E14000875,CON,0.542
E14000875,LAB,0.402
E14000875,LD,0.035
E14000875,GRN,0.015
E14000875,IND,0.006
E14000876,CON,0.478
E14000876,LAB,0.333
E14000876,LD,0.102
E14000876,BRX,0.087
E14000877,CON,0.604
E14000877,LAB,0.217
E14000877,LD,0.112
E14000877,GRN,0.045
E14000877,CF,0.022
S14000054,SNP,0.506
S14000054,CON,0.366
S14000054,LD,0.07
S14000054,LAB,0.046
S14000054,BRX,0.012
E14000878,CON,0.467
E14000878,LAB,0.413
E14000878,LD,0.049
E14000878,BRX,0.044
E14000878,GRN,0.015
E14000878,IND,0.005
E14000879,CON,0.607
E14000879,LAB,0.315
E14000879,LD,0.052
E14000879,GRN,0.027
E14000880,LAB,0.479
E14000880,CON,0.389
E14000880,BRX,0.055
E14000880,LD,0.048
E14000880,GRN,0.029
W07000075,LAB,0.445
W07000075,CON,0.294
W07000075,PC,0.128
W07000075,BRX,0.075
W07000075,IND,0.046
W07000075,IND,0.009
E14000881,CON,0.587
E14000881,LAB,0.208
E14000881,LD,0.155
E14000881,GRN,0.034
E14000881,IND,0.017
E14000882,LAB,0.631
E14000882,CON,0.159
E14000882,LD,0.144
E14000882,GRN,0.035
E14000882,BRX,0.024
E14000882,IND,0.006
E14000883,CON,0.614
E14000883,LAB,0.27
E14000883,LD,0.074
E14000883,GRN,0.028
E14000883,IND,0.014
E14000884,LAB,0.486
E14000884,CON,0.373
E14000884,LD,0.114
E14000884,BRX,0.021
E14000884,JACP,0.005
W07000065,CON,0.504
W07000065,LAB,0.385
W07000065,PC,0.065
W07000065,LD,0.046
E14000885,LAB,0.618
E14000885,CON,0.258
E14000885,BRX,0.053
E14000885,LD,0.051
E14000885,GRN,0.02
E14000886,CON,0.488
E14000886,LAB,0.423
E14000886,LD,0.057
E14000886,GRN,0.016
E14000886,YRKS,0.016
E14000887,LAB,0.451
E14000887,CON,0.357
E14000887,LD,0.169
E14000887,GRN,0.022
E14000888,CON,0.726
E14000888,LAB,0.161
E14000888,LD,0.076
E14000888,GRN,0.036
E14000889,LAB,0.485
E14000889,CON,0.379
E14000889,LD,0.09
E14000889,GRN,0.028
E14000889,BRX,0.015
E14000889,CPA,0.004
E14000890,CON,0.484
E14000890,LAB,0.402
E14000890,LD,0.089
E14000890,GRN,0.025
E14000891,CON,0.461
E14000891,LAB,0.374
E14000891,BRX,0.071
E14000891,LD,0.049
E14000891,IND,0.032
E14000891,GRN,0.012
E14000892,CON,0.633
E14000892,LAB,0.269
E14000892,LD,0.066
E14000892,GRN,0.031
E14000893,CON,0.539
E14000893,LAB,0.195
E14000893,LD,0.194
E14000893,GRN,0.06
E14000893,UKIP,0.012
S14000021,SNP,0.449
S14000021,CON,0.351
S14000021,LAB,0.124
S14000021,LD,0.075
W07000052,LAB,0.544
W07000052,CON,0.158
W07000052,PC,0.137
W07000052,BRX,0.126
W07000052,LD,0.021
W07000052,GRN,0.015
E14000894,CON,0.603
E14000894,LAB,0.27
E14000894,LD,0.086
E14000894,GRN,0.031
E14000894,IND,0.01
E14000895,CON,0.636
E14000895,LAB,0.164
E14000895,LD,0.121
E14000895,GRN,0.043
E14000895,YRKS,0.019
E14000895,IND,0.017
E14000896,LD,0.531
E14000896,CON,0.412
E14000896,LAB,0.052
E14000896,IND,0.004
E14000896,IND,0.001
E14000897,LAB,0.516
E14000897,CON,0.312
E14000897,BRX,0.082
E14000897,LD,0.07
E14000897,GRN,0.021
E14000898,CON,0.6
E14000898,LAB,0.271
E14000898,LD,0.072
E14000898,GRN,0.025
E14000898,UKIP,0.021
E14000898,IND,0.011
E14000899,CON,0.587
E14000899,LAB,0.32
E14000899,LD,0.061
E14000899,IND,0.024
E14000899,PFP,0.008
E14000900,CON,0.646
E14000900,LAB,0.267
E14000900,LD,0.057
E14000900,GRN,0.03
E14000901,CON,0.542
E14000901,LD,0.331
E14000901,LAB,0.115
E14000901,UKIP,0.012
S14000055,SNP,0.483
S14000055,LD,0.246
S14000055,CON,0.173
S14000055,LAB,0.061
S14000055,BRX,0.018
S14000055,CHP,0.012
E14000902,CON,0.565
E14000902,LAB,0.37
E14000902,LD,0.041
E14000902,GRN,0.024
E14000903,CON,0.451
E14000903,LAB,0.321
E14000903,BRX,0.129
E14000903,LD,0.052
E14000903,GRN,0.025
E14000903,IND,0.021
E14000904,LAB,0.413
E14000904,CON,0.326
E14000904,BRX,0.172
E14000904,LD,0.059
E14000904,YRKS,0.03
E14000905,CON,0.576
E14000905,LAB,0.311
E14000905,LD,0.083
E14000905,GRN,0.03
E14000906,CON,0.556
E14000906,LAB,0.246
E14000906,LD,0.151
E14000906,GRN,0.031
E14000906,ANWP,0.006
E14000906,IND,0.006
E14000907,CON,0.549
E14000907,LAB,0.206
E14000907,LD,0.173
E14000907,GRN,0.035
E14000907,IND,0.015
E14000907,IND,0.013
E14000908,CON,0.475
E14000908,LAB,0.349
E14000908,LD,0.159
E14000908,UKIP,0.01
E14000908,IND,0.007
S14000056,SNP,0.442
S14000056,LAB,0.345
S14000056,CON,0.15
S14000056,LD,0.052
S14000056,UKIP,0.012
E14000909,CON,0.626
E14000909,LAB,0.164
E14000909,LD,0.137
E14000909,GRN,0.049
E14000909,UKIP,0.016
E14000909,IND,0.008
E14000910,CON,0.63
E14000910,LD,0.192
E14000910,LAB,0.132
E14000910,GRN,0.047
E14000911,LAB,0.568
E14000911,CON,0.245
E14000911,BRX,0.085
E14000911,LD,0.061
E14000911,GRN,0.041
E14000912,CON,0.564
E14000912,LD,0.196
E14000912,LAB,0.18
E14000912,GRN,0.046
E14000912,IND,0.014
E14000913,CON,0.555
E14000913,LAB,0.348
E14000913,LD,0.061
E14000913,YRKS,0.036
E14000914,CON,0.538
E14000914,LAB,0.367
E14000914,BRX,0.054
E14000914,LD,0.023
E14000914,GRN,0.018
E14000915,CON,0.472
E14000915,LAB,0.363
E14000915,BRX,0.085
E14000915,LD,0.047
E14000915,GRN,0.024
E14000915,IND,0.009
E14000916,LAB,0.575
E14000916,CON,0.278
E14000916,LD,0.067
E14000916,BRX,0.048
E14000916,GRN,0.025
E14000916,LIB,0.006
E14000917,CON,0.603
E14000917,LAB,0.246
E14000917,LD,0.086
E14000917,YRKS,0.034
E14000917,GRN,0.032
E14000918,CON,0.607
E14000918,LD,0.198
E14000918,LAB,0.136
E14000918,GRN,0.039
E14000918,IND,0.014
E14000918,LBT,0.006
E14000921,LAB,0.565
E14000921,CON,0.255
E14000921,BRX,0.097
E14000921,LD,0.038
E14000921,GRN,0.03
E14000921,UKIP,0.015
E14000919,LAB,0.667
E14000919,CON,0.131
E14000919,GRN,0.09
E14000919,LD,0.064
E14000919,BRX,0.039
E14000919,YRKS,0.008
E14000922,LAB,0.346
E14000922,LD,0.334
E14000922,CON,0.258
E14000922,GRN,0.029
E14000922,BRX,0.027
E14000922,UKIP,0.003
E14000923,LAB,0.503
E14000923,CON,0.303
E14000923,BRX,0.083
E14000923,LD,0.068
E14000923,GRN,0.042
E14000920,LAB,0.461
E14000920,CON,0.359
E14000920,BRX,0.107
E14000920,LD,0.051
E14000920,YRKS,0.023
E14000924,CON,0.608
E14000924,LAB,0.301
E14000924,LD,0.055
E14000924,GRN,0.023
E14000924,IND,0.013
E14000925,CON,0.508
E14000925,LAB,0.392
E14000925,LD,0.059
E14000925,GRN,0.024
E14000925,YRKS,0.016
E14000926,CON,0.525
E14000926,LAB,0.335
E14000926,LD,0.1
E14000926,GRN,0.03
E14000926,IND,0.01
E14000849,CON,0.627
E14000849,LAB,0.221
E14000849,LD,0.1
E14000849,GRN,0.032
E14000849,SHRP,0.02
E14000927,CON,0.676
E14000927,LAB,0.2
E14000927,LD,0.063
E14000927,IND,0.024
E14000927,GRN,0.023
E14000927,MRLP,0.008
E14000928,CON,0.595
E14000928,LAB,0.191
E14000928,LD,0.148
E14000928,GRN,0.047
E14000928,YRKS,0.019
E14000929,CON,0.671
E14000929,LAB,0.182
E14000929,LD,0.08
E14000929,LNIN,0.03
E14000929,GRN,0.026
E14000929,IND,0.01
E14000930,LAB,0.576
E14000930,CON,0.309
E14000930,LD,0.066
E14000930,BRX,0.028
E14000930,GRN,0.021
E14000931,CON,0.584
E14000931,LAB,0.199
E14000931,LD,0.18
E14000931,GRN,0.037
E14000850,CON,0.529
E14000850,LAB,0.246
E14000850,LD,0.178
E14000850,GRN,0.047
E14000846,CON,0.504
E14000846,LAB,0.242
E14000846,LD,0.221
E14000846,GRN,0.025
E14000846,IND,0.008
E14000932,CON,0.558
E14000932,LD,0.262
E14000932,LAB,0.129
E14000932,GRN,0.051
N06000014,DUP,0.353
N06000014,UUP,0.29
N06000014,APNI,0.191
N06000014,SF,0.114
N06000014,SDLP,0.053
N06000015,SF,0.324
N06000015,SDLP,0.292
N06000015,DUP,0.153
N06000015,APNI,0.139
N06000015,UUP,0.066
N06000015,AONT,0.025
E14000939,CON,0.759
E14000939,LAB,0.132
E14000939,LD,0.066
E14000939,GRN,0.033
E14000939,IND,0.01
E14000943,CON,0.558
E14000943,LAB,0.35
E14000943,LD,0.069
E14000943,GRN,0.022
E14000944,LAB,0.456
E14000944,CON,0.203
E14000944,BRX,0.17
E14000944,IND,0.097
E14000944,LD,0.04
E14000944,GRN,0.034
E14000955,CON,0.505
E14000955,LAB,0.41
E14000955,LD,0.053
E14000955,GRN,0.022
E14000955,UKIP,0.01
E14000956,LAB,0.495
E14000956,CON,0.357
E14000956,LD,0.077
E14000956,BRX,0.035
E14000956,GRN,0.032
E14000956,IND,0.005
E14000957,CON,0.592
E14000957,LAB,0.281
E14000957,LD,0.114
E14000957,IND,0.012
E14000958,CON,0.476
E14000958,LAB,0.39
E14000958,LD,0.135
E14000959,CON,0.589
E14000959,LAB,0.217
E14000959,LD,0.151
E14000959,GRN,0.043
E14000960,LD,0.501
E14000960,CON,0.392
E14000960,LAB,0.087
E14000960,GRN,0.017
E14000960,IND,0.003
E14000961,CON,0.561
E14000961,LAB,0.264
E14000961,LD,0.105
E14000961,MK,0.03
E14000961,GRN,0.029
E14000961,LIB,0.011
E14000962,LAB,0.523
E14000962,CON,0.266
E14000962,BRX,0.113
E14000962,LD,0.056
E14000962,GRN,0.041
E14000963,LAB,0.585
E14000963,CON,0.205
E14000963,BRX,0.106
E14000963,LD,0.057
E14000963,GRN,0.045
E14000964,CON,0.493
E14000964,LD,0.41
E14000964,LAB,0.069
E14000964,GRN,0.019
E14000964,LIB,0.006
E14000964,CP,0.003
E14000965,CON,0.586
E14000965,LAB,0.305
E14000965,LD,0.062
E14000965,GRN,0.046
E14000966,CON,0.646
E14000966,LAB,0.269
E14000966,LD,0.057
E14000966,GRN,0.028
E14000945,CON,0.73
E14000945,LAB,0.165
E14000945,LD,0.066
E14000945,GRN,0.039
E14000967,LAB,0.449
E14000967,CON,0.38
E14000967,BRX,0.085
E14000967,LD,0.043
E14000967,GRN,0.033
E14000967,LIB,0.01
E14000968,CON,0.531
E14000968,LAB,0.352
E14000968,LD,0.087
E14000968,GRN,0.031
S14000057,SNP,0.511
S14000057,CON,0.335
S14000057,LAB,0.081
S14000057,LD,0.054
S14000057,GRN,0.018
E14000969,LAB,0.52
E14000969,CON,0.279
E14000969,LD,0.121
E14000969,BRX,0.046
E14000969,GRN,0.034
E14000970,LAB,0.431
E14000970,CON,0.406
E14000970,BRX,0.095
E14000970,LD,0.04
E14000970,NE,0.029
E14000971,CON,0.507
E14000971,LAB,0.411
E14000971,LD,0.043
E14000971,BRX,0.04
E14000972,CON,0.454
E14000972,LAB,0.433
E14000972,BRX,0.053
E14000972,LD,0.035
E14000972,GRN,0.026
E14000973,CON,0.523
E14000973,LAB,0.366
E14000973,BRX,0.059
E14000973,LD,0.032
E14000973,GRN,0.013
E14000973,IND,0.008
E14000974,CON,0.622
E14000974,LAB,0.337
E14000974,LD,0.041
E14000975,CON,0.636
E14000975,LAB,0.236
E14000975,LD,0.089
E14000975,GRN,0.04
E14000976,CON,0.603
E14000976,LAB,0.306
E14000976,LD,0.055
E14000976,GRN,0.023
E14000976,IND,0.014
N06000016,DUP,0.472
N06000016,APNI,0.284
N06000016,UUP,0.107
N06000016,SDLP,0.053
N06000016,CON,0.039
N06000016,GRN,0.021
E14000977,CON,0.606
E14000977,LD,0.243
E14000977,LAB,0.113
E14000977,GRN,0.038
E14000978,LAB,0.548
E14000978,LD,0.235
E14000978,CON,0.16
E14000978,GRN,0.045
E14000978,BRX,0.011
E14000979,LAB,0.603
E14000979,CON,0.275
E14000979,LD,0.059
E14000979,BRX,0.035
E14000979,GRN,0.027
E14000980,CON,0.479
E14000980,LAB,0.421
E14000980,GRN,0.075
E14000980,BRX,0.016
E14000980,LBT,0.009
E14000624,CON,0.627
E14000624,LAB,0.211
E14000624,LD,0.115
E14000624,GRN,0.047
E14000981,CON,0.565
E14000981,LAB,0.213
E14000981,LD,0.15
E14000981,GRN,0.047
E14000981,IND,0.026
E14000946,CON,0.622
E14000946,LAB,0.194
E14000946,LD,0.125
E14000946,GRN,0.059
E14001034,CON,0.658
E14001034,LAB,0.207
E14001034,LD,0.091
E14001034,GRN,0.044
E14000982,LAB,0.422
E14000982,CON,0.354
E14000982,BRX,0.116
E14000982,LD,0.07
E14000982,GRN,0.028
E14000982,IND,0.011
E14000681,CON,0.597
E14000681,LD,0.194
E14000681,LAB,0.138
E14000681,GRN,0.039
E14000681,IND,0.023
E14000681,MRLP,0.009
E14000983,CON,0.586
E14000983,LD,0.273
E14000983,LAB,0.092
E14000983,GRN,0.038
E14000983,UKIP,0.011
E14000953,CON,0.533
E14000953,LD,0.387
E14000953,LAB,0.079
E14000817,CON,0.533
E14000817,LD,0.243
E14000817,LAB,0.179
E14000817,GRN,0.036
E14000817,MRLP,0.009
E14000817,ADV,0.001
E14000984,CON,0.5
E14000984,LD,0.334
E14000984,LAB,0.143
E14000984,GRN,0.023
E14000985,CON,0.604
E14000985,LAB,0.236
E14000985,LD,0.122
E14000985,GRN,0.039
W07000048,LAB,0.518
W07000048,CON,0.281
W07000048,BRX,0.085
W07000048,PC,0.057
W07000048,LD,0.042
W07000048,GRN,0.017
W07000047,LAB,0.516
W07000047,CON,0.29
W07000047,LD,0.084
W07000047,PC,0.055
W07000047,BRX,0.055
E14000851,CON,0.591
E14000851,LAB,0.298
E14000851,LD,0.08
E14000851,GRN,0.031
E14000947,CON,0.523
E14000947,LAB,0.392
E14000947,LD,0.085
E14000986,CON,0.663
E14000986,LAB,0.237
E14000986,LD,0.053
E14000986,GRN,0.02
E14000986,UKIP,0.018
E14000986,IND,0.009
E14000987,CON,0.577
E14000987,LAB,0.222
E14000987,LD,0.157
E14000987,GRN,0.043
E14000988,CON,0.536
E14000988,LD,0.352
E14000988,LAB,0.074
E14000988,IND,0.038
E14000989,CON,0.597
E14000989,LAB,0.341
E14000989,LD,0.062
E14000990,CON,0.584
E14000990,LD,0.218
E14000990,LAB,0.152
E14000990,GRN,0.046
E14000852,CON,0.624
E14000852,LAB,0.267
E14000852,LD,0.071
E14000852,GRN,0.037
E14000948,CON,0.561
E14000948,LAB,0.342
E14000948,LD,0.057
E14000948,GRN,0.04
E14000993,CON,0.63
E14000993,LAB,0.185
E14000993,LD,0.12
E14000993,GRN,0.04
E14000993,YRKS,0.016
E14000993,IND,0.004
E14000994,CON,0.578
E14000994,LD,0.341
E14000994,LAB,0.081
E14000995,CON,0.586
E14000995,LAB,0.344
E14000995,LD,0.032
E14000995,IND,0.022
E14000995,GRN,0.017
E14000996,CON,0.602
E14000996,LAB,0.195
E14000996,LD,0.148
E14000996,GRN,0.038
E14000996,UKIP,0.016
E14000997,CON,0.628
E14000997,LD,0.155
E14000997,LAB,0.145
E14000997,GRN,0.072
E14000998,LAB,0.527
E14000998,CON,0.282
E14000998,LD,0.142
E14000998,GRN,0.04
E14000998,BRX,0.008
E14000998,SDP,0.001
E14000999,CON,0.592
E14000999,LD,0.24
E14000999,LAB,0.13
E14000999,GRN,0.025
E14000999,IND,0.013
W07000053,LAB,0.418
W07000053,CON,0.318
W07000053,BRX,0.154
W07000053,LD,0.049
W07000053,PC,0.039
W07000053,GRN,0.022
E14001001,CON,0.532
E14001001,LD,0.288
E14001001,LAB,0.17
E14001001,IND,0.01
E14001002,LAB,0.76
E14001002,CON,0.116
E14001002,LD,0.068
E14001002,GRN,0.04
E14001002,BRX,0.011
E14001002,SDP,0.002
E14001003,CON,0.46
E14001003,LAB,0.383
E14001003,LD,0.121
E14001003,GRN,0.029
E14001003,LIB,0.007
E14001004,CON,0.551
E14001004,LD,0.283
E14001004,LAB,0.148
E14001004,IND,0.009
E14001004,IND,0.009
E14001005,LD,0.561
E14001005,CON,0.342
E14001005,LAB,0.085
E14001005,BRX,0.013
E14001006,LAB,0.481
E14001006,CON,0.394
E14001006,LD,0.068
E14001006,BRX,0.035
E14001006,GRN,0.023
E14000853,LAB,0.497
E14000853,CON,0.307
E14000853,BRX,0.104
E14000853,LD,0.064
E14000853,GRN,0.028
N06000017,DUP,0.41
N06000017,SF,0.246
N06000017,APNI,0.129
N06000017,UUP,0.124
N06000017,SDLP,0.092
E14001007,CON,0.526
E14001007,LAB,0.376
E14001007,LD,0.063
E14001007,GRN,0.023
E14001007,UKIP,0.006
E14001007,MRLP,0.003
W07000060,CON,0.464
W07000060,LAB,0.415
W07000060,PC,0.042
W07000060,BRX,0.04
W07000060,LD,0.04
W07000078,CON,0.498
W07000078,LAB,0.433
W07000078,GRN,0.059
W07000078,GWLD,0.009
E14001008,LAB,0.561
E14001008,LD,0.213
E14001008,CON,0.167
E14001008,GRN,0.045
E14001008,BRX,0.011
E14001008,IND,0.002
E14001009,CON,0.473
E14001009,LAB,0.398
E14001009,BRX,0.061
E14001009,LD,0.039
E14001009,YRKS,0.019
E14001009,IND,0.01
E14001010,LAB,0.643
E14001010,CON,0.249
E14001010,BRX,0.044
E14001010,LD,0.04
E14001010,GRN,0.024
E14001011,CON,0.638
E14001011,LAB,0.311
E14001011,LD,0.034
E14001011,GRN,0.017
E14001012,LAB,0.491
E14001012,CON,0.41
E14001012,BRX,0.039
E14001012,LD,0.038
E14001012,GRN,0.015
E14001012,IND,0.007
E14001013,LAB,0.761
E14001013,CON,0.123
E14001013,LD,0.059
E14001013,GRN,0.036
E14001013,BRX,0.016
E14001013,CPA,0.005
E14001014,LAB,0.423
E14001014,CON,0.403
E14001014,BRX,0.078
E14001014,LD,0.063
E14001014,GRN,0.03
E14001014,CPA,0.004
E14001015,CON,0.507
E14001015,LD,0.319
E14001015,LAB,0.152
E14001015,IND,0.022
E14001016,LAB,0.588
E14001016,CON,0.279
E14001016,BRX,0.066
E14001016,LD,0.043
E14001016,GRN,0.024
E14001017,LAB,0.442
E14001017,CON,0.409
E14001017,LD,0.066
E14001017,BRX,0.056
E14001017,GRN,0.027
E14001018,CON,0.455
E14001018,LAB,0.423
E14001018,LD,0.093
E14001018,BRX,0.026
E14001018,SDP,0.003
E14001019,LAB,0.438
E14001019,CON,0.423
E14001019,LD,0.092
E14001019,GRN,0.028
E14001019,BRX,0.015
E14001019,IND,0.003
E14000854,CON,0.659
E14000854,LAB,0.268
E14000854,LD,0.045
E14000854,GRN,0.028
E14001020,LAB,0.425
E14001020,CON,0.326
E14001020,BRX,0.145
E14001020,LD,0.055
E14001020,GRN,0.027
E14001020,UKIP,0.022
E14001021,CON,0.455
E14001021,LAB,0.379
E14001021,LD,0.161
E14001021,SDP,0.006
E14001022,CON,0.622
E14001022,LAB,0.269
E14001022,GRN,0.053
E14001022,LD,0.051
E14001022,CPA,0.005
E14001023,CON,0.608
E14001023,LD,0.187
E14001023,LAB,0.154
E14001023,GRN,0.051
E14001024,LAB,0.449
E14001024,CON,0.438
E14001024,LD,0.065
E14001024,BRX,0.027
E14001024,GRN,0.021
E14001025,CON,0.622
E14001025,LAB,0.265
E14001025,LD,0.079
E14001025,GRN,0.035
E14001026,CON,0.541
E14001026,LD,0.379
E14001026,LAB,0.07
E14001026,IND,0.006
E14001026,MTHR,0.004
E14001027,CON,0.526
E14001027,LAB,0.316
E14001027,LD,0.127
E14001027,GRN,0.031
E14001028,LAB,0.403
E14001028,CON,0.351
E14001028,BRX,0.169
E14001028,LD,0.041
E14001028,YRKS,0.029
E14001028,SDP,0.008
E14001029,CON,0.467
E14001029,LAB,0.423
E14001029,BRX,0.041
E14001029,LD,0.036
E14001029,GRN,0.017
E14001029,IND,0.014
E14001030,CON,0.505
E14001030,LAB,0.395
E14001030,BRX,0.053
E14001030,LD,0.027
E14001030,GRN,0.019
E14001032,LAB,0.701
E14001032,CON,0.163
E14001032,LD,0.069
E14001032,GRN,0.03
E14001032,BRX,0.028
E14001032,CPA,0.008
N06000018,SF,0.402
N06000018,DUP,0.22
N06000018,SDLP,0.178
N06000018,APNI,0.097
N06000018,UUP,0.067
N06000018,AONT,0.024
E14001036,LAB,0.542
E14001036,CON,0.291
E14001036,LD,0.13
E14001036,GRN,0.025
E14001036,BRX,0.01
E14001036,CPA,0.003
E14001037,LD,0.489
E14001037,CON,0.453
E14001037,LAB,0.044
E14001037,BRX,0.014
E14001038,CON,0.575
E14001038,LAB,0.267
E14001038,LD,0.125
E14001038,GRN,0.033
E14001039,LAB,0.467
E14001039,CON,0.318
E14001039,BRX,0.132
E14001039,LD,0.054
E14001039,GRN,0.029
E14000860,CON,0.591
E14000860,LD,0.269
E14000860,LAB,0.104
E14000860,GRN,0.035
E14000954,CON,0.602
E14000954,LAB,0.208
E14000954,LD,0.146
E14000954,GRN,0.044
E14001040,CON,0.384
E14001040,LD,0.372
E14001040,LAB,0.237
E14001040,IND,0.007
E14001041,CON,0.483
E14001041,LD,0.466
E14001041,LAB,0.046
E14001041,JACP,0.005
E14001042,CON,0.586
E14001042,LD,0.213
E14001042,LAB,0.152
E14001042,GRN,0.033
E14001042,IND,0.009
E14001042,IND,0.007
E14001043,LAB,0.512
E14001043,CON,0.372
E14001043,LD,0.067
E14001043,BRX,0.028
E14001043,GRN,0.022
E14001044,LAB,0.482
E14001044,CON,0.412
E14001044,LD,0.063
E14001044,GRN,0.022
E14001044,BRX,0.02
E14001045,CON,0.666
E14001045,LAB,0.178
E14001045,LD,0.093
E14001045,GRN,0.063
E14001046,CON,0.552
E14001046,LD,0.305
E14001046,LAB,0.143
E14001047,CON,0.489
E14001047,LD,0.308
E14001047,LAB,0.164
E14001047,GRN,0.028
E14001047,UKIP,0.011
E14001048,CON,0.496
E14001048,LD,0.377
E14001048,LAB,0.104
E14001048,GRN,0.022
E14001048,ADV,0.001
E14001049,CON,0.517
E14001049,LAB,0.398
E14001049,BRX,0.039
E14001049,LD,0.028
E14001049,GRN,0.018
E14001050,LAB,0.464
E14001050,CON,0.427
E14001050,BRX,0.063
E14001050,LD,0.03
E14001050,GRN,0.016
E14001051,CON,0.483
E14001051,LAB,0.443
E14001051,LD,0.05
E14001051,BRX,0.025
E14001052,CON,0.508
E14001052,LAB,0.375
E14001052,LD,0.072
E14001052,GRN,0.033
E14001052,IND,0.011
E14000818,CON,0.667
E14000818,LAB,0.168
E14000818,LD,0.115
E14000818,GRN,0.039
E14000818,MRLP,0.011
E14001035,CON,0.607
E14001035,LD,0.181
E14001035,LAB,0.165
E14001035,GRN,0.047
E14001053,CON,0.493
E14001053,LAB,0.392
E14001053,BRX,0.042
E14001053,LD,0.037
E14001053,IND,0.02
E14001053,GRN,0.014
E14001054,LAB,0.457
E14001054,CON,0.385
E14001054,BRX,0.072
E14001054,LD,0.056
E14001054,GRN,0.029
E14000682,CON,0.51
E14000682,LAB,0.37
E14000682,LD,0.078
E14000682,GRN,0.038
E14000682,IND,0.005
E14001055,CON,0.558
E14001055,LAB,0.286
E14001055,LD,0.11
E14001055,GRN,0.037
E14001055,IND,0.009
E14000992,CON,0.635
E14000992,LAB,0.252
E14000992,LD,0.083
E14000992,GRN,0.03
W07000044,CON,0.453
W07000044,LAB,0.39
W07000044,PC,0.064
W07000044,LD,0.043
W07000044,BRX,0.036
W07000044,GRN,0.013
E14001056,CON,0.452
E14001056,LAB,0.375
E14001056,LD,0.119
E14001056,GRN,0.027
E14001056,WY,0.017
E14001056,UKIP,0.006
E14001057,CON,0.597
E14001057,LAB,0.28
E14001057,LD,0.084
E14001057,GRN,0.033
E14001057,IND,0.006
E14001058,CON,0.652
E14001058,LAB,0.228
E14001058,LD,0.081
E14001058,GRN,0.039
E14001059,LAB,0.533
E14001059,CON,0.301
E14001059,LD,0.07
E14001059,BRX,0.061
E14001059,GRN,0.035
E14001059,CLGB,0.001
E14001060,CON,0.584
E14001060,LD,0.311
E14001060,LAB,0.063
E14001060,GRN,0.027
E14001060,IND,0.012
E14001060,TCRP,0.003
W07000041,CON,0.355
W07000041,LAB,0.301
W07000041,PC,0.285
W07000041,BRX,0.06
E14001061,LAB,0.552
E14001061,CON,0.278
E14001061,LD,0.084
E14001061,GRN,0.043
E14001061,BRX,0.03
E14001061,YRKS,0.011
E14001062,CON,0.494
E14001062,LAB,0.313
E14001062,LD,0.181
E14001062,IND,0.013
E14000683,CON,0.644
E14000683,LAB,0.212
E14000683,LD,0.08
E14000683,YRKS,0.032
E14000683,GRN,0.032
